Date,Country,Confirmed,Deaths,Recovered,Active,Tests Conducted
2020-03-01,Brazil,10052,201,1400,8451,19733
2020-03-01,India,7385,51,4500,2834,17090
2020-03-01,Italy,12449,122,4925,7402,29902
2020-03-01,South Africa,5744,90,3298,2356,22862
2020-03-01,USA,8847,262,1968,6617,26274
2020-03-02,Brazil,6053,257,3588,2208,21774
2020-03-02,India,5893,167,2527,3199,24682
2020-03-02,Italy,7930,226,3987,3717,28590
2020-03-02,South Africa,7905,88,4303,3514,22645
2020-03-02,USA,4674,108,2265,2301,19728
2020-03-03,Brazil,9959,285,2288,7386,35719
2020-03-03,India,8643,374,3939,4330,26804
2020-03-03,Italy,7844,34,1921,5889,26047
2020-03-03,South Africa,9106,184,1505,7417,26513
2020-03-03,USA,5019,129,1757,3133,23828
2020-03-04,Brazil,5469,110,4127,1232,16392
2020-03-04,India,12007,443,6907,4657,32063
2020-03-04,Italy,9085,164,5013,3908,24550
2020-03-04,South Africa,5068,137,3594,1337,17630
2020-03-04,USA,9042,96,1094,7852,20656
2020-03-05,Brazil,7143,214,4768,2161,22824
2020-03-05,India,6513,163,2658,3692,22121
2020-03-05,Italy,2246,65,1143,1038,18631
2020-03-05,South Africa,5416,69,779,4568,26087
2020-03-05,USA,5156,158,1321,3677,21625
2020-03-06,Brazil,2848,36,1719,1093,16901
2020-03-06,India,10102,371,2960,6771,27043
2020-03-06,Italy,9923,188,5916,3819,22160
2020-03-06,South Africa,10586,108,5275,5203,23290
2020-03-06,USA,7003,157,2941,3905,18482
2020-03-07,Brazil,7036,177,1917,4942,29100
2020-03-07,India,4844,71,2339,2434,24361
2020-03-07,Italy,2434,63,1237,1134,19080
2020-03-07,South Africa,7634,93,1865,5676,26395
2020-03-07,USA,9284,183,4342,4759,23170
2020-03-08,Brazil,9923,299,5003,4621,21732
2020-03-08,India,4879,106,2706,2067,24450
2020-03-08,Italy,7928,335,2392,5201,29586
2020-03-08,South Africa,8637,133,5622,2882,30698
2020-03-08,USA,7870,247,2393,5230,28507
2020-03-09,Brazil,5646,154,4466,1026,22002
2020-03-09,India,6292,166,4462,1664,26565
2020-03-09,Italy,5948,138,3123,2687,13726
2020-03-09,South Africa,7835,223,2367,5245,25064
2020-03-09,USA,7333,261,4297,2775,22556
2020-03-10,Brazil,6570,163,4147,2260,24280
2020-03-10,India,9150,184,5018,3948,31095
2020-03-10,Italy,6265,77,2836,3352,20917
2020-03-10,South Africa,9120,269,6407,2444,13556
2020-03-10,USA,11473,215,9527,1731,35276
2020-03-11,Brazil,4856,87,2532,2237,26986
2020-03-11,India,9087,301,4295,4491,34907
2020-03-11,Italy,9248,120,5931,3197,23144
2020-03-11,South Africa,3835,64,2017,1754,15434
2020-03-11,USA,1809,71,498,1240,20628
2020-03-12,Brazil,8326,358,3094,4874,18276
2020-03-12,India,7999,289,1916,5794,24050
2020-03-12,Italy,7850,308,2390,5152,29512
2020-03-12,South Africa,9987,360,5630,3997,33268
2020-03-12,USA,5725,138,4098,1489,17335
2020-03-13,Brazil,9330,326,5441,3563,27037
2020-03-13,India,6241,165,3409,2667,26588
2020-03-13,Italy,9354,320,4887,4147,29796
2020-03-13,South Africa,8189,114,4926,3149,21495
2020-03-13,USA,7370,60,5793,1517,26030
2020-03-14,Brazil,12331,185,8174,3972,24215
2020-03-14,India,4657,131,3963,563,23953
2020-03-14,Italy,6592,195,1688,4709,16518
2020-03-14,South Africa,8779,282,3782,4715,32029
2020-03-14,USA,7777,94,3634,4049,13821
2020-03-15,Brazil,7782,154,5072,2556,26203
2020-03-15,India,11543,387,4665,6491,20263
2020-03-15,Italy,3604,144,1217,2243,15253
2020-03-15,South Africa,11768,291,8630,2847,33325
2020-03-15,USA,7432,150,3576,3706,19576
2020-03-16,Brazil,6178,217,2813,3148,23224
2020-03-16,India,7795,195,2859,4741,15889
2020-03-16,Italy,4950,185,1293,3472,29128
2020-03-16,South Africa,5166,79,1579,3508,21596
2020-03-16,USA,8339,228,4617,3494,29510
2020-03-17,Brazil,7377,159,5559,1659,28809
2020-03-17,India,9766,103,3605,6058,24088
2020-03-17,Italy,6705,247,3378,3080,27183
2020-03-17,South Africa,8826,340,5853,2633,25186
2020-03-17,USA,9535,316,2078,7141,27075
2020-03-18,Brazil,10947,237,4977,5733,24045
2020-03-18,India,7332,262,4583,2487,28065
2020-03-18,Italy,3811,152,3056,603,17352
2020-03-18,South Africa,4611,69,3025,1517,15082
2020-03-18,USA,5018,98,3118,1802,22680
2020-03-19,Brazil,8869,147,6410,2312,26638
2020-03-19,India,8231,234,4097,3900,27823
2020-03-19,Italy,12513,180,5261,7072,32160
2020-03-19,South Africa,9500,318,2894,6288,25607
2020-03-19,USA,5308,132,4423,753,21080
2020-03-20,Brazil,5988,183,4651,1154,27125
2020-03-20,India,5258,220,1529,3509,18781
2020-03-20,Italy,8492,170,3119,5203,25700
2020-03-20,South Africa,8627,193,5866,2568,19721
2020-03-20,USA,9694,234,4582,4878,17593
2020-03-21,Brazil,9780,376,2255,7149,29398
2020-03-21,India,9387,199,2240,6948,27278
2020-03-21,Italy,9210,246,6656,2308,23088
2020-03-21,South Africa,11877,98,3905,7874,25817
2020-03-21,USA,9583,65,3657,5861,28847
2020-03-22,Brazil,7117,90,749,6278,23766
2020-03-22,India,4465,84,3408,973,16782
2020-03-22,Italy,11683,249,3529,7905,24981
2020-03-22,South Africa,8261,119,6193,1949,25618
2020-03-22,USA,6846,76,2810,3960,17233
2020-03-23,Brazil,7077,251,3005,3821,28791
2020-03-23,India,7837,144,1951,5742,24421
2020-03-23,Italy,6736,91,2423,4222,19739
2020-03-23,South Africa,2487,70,791,1626,22935
2020-03-23,USA,9971,330,4843,4798,25550
2020-03-24,Brazil,5433,159,2284,2990,17607
2020-03-24,India,6459,58,4428,1973,31694
2020-03-24,Italy,9223,189,3787,5247,26666
2020-03-24,South Africa,3650,104,2857,689,15803
2020-03-24,USA,9444,397,5920,3127,17053
2020-03-25,Brazil,7338,122,1083,6133,29458
2020-03-25,India,9042,292,4362,4388,25331
2020-03-25,Italy,12191,403,6572,5216,24874
2020-03-25,South Africa,10853,142,8503,2208,26166
2020-03-25,USA,5292,132,4537,623,17702
2020-03-26,Brazil,5139,79,2251,2809,17255
2020-03-26,India,7617,120,5525,1972,26449
2020-03-26,Italy,7824,237,5983,1604,24838
2020-03-26,South Africa,10247,206,5358,4683,31539
2020-03-26,USA,7698,83,5149,2466,26890
2020-03-27,Brazil,7012,255,2372,4385,23814
2020-03-27,India,9202,136,2979,6087,27222
2020-03-27,Italy,6364,95,4266,2003,27876
2020-03-27,South Africa,6204,74,3410,2720,21135
2020-03-27,USA,6823,281,4774,1768,21004
2020-03-28,Brazil,6126,269,1183,4674,25487
2020-03-28,India,4347,140,2781,1426,27280
2020-03-28,Italy,6859,90,4211,2558,23207
2020-03-28,South Africa,9225,328,5912,2985,26885
2020-03-28,USA,3475,76,1929,1470,19933
2020-03-29,Brazil,6423,123,3233,3067,19585
2020-03-29,India,11581,241,4939,6401,26945
2020-03-29,Italy,6945,138,1845,4962,18757
2020-03-29,South Africa,4804,124,3023,1657,13696
2020-03-29,USA,9475,160,5526,3789,23939
2020-03-30,Brazil,6187,106,3740,2341,19143
2020-03-30,India,3132,56,1567,1509,24878
2020-03-30,Italy,9204,156,7545,1503,32377
2020-03-30,South Africa,6874,283,4085,2506,19406
2020-03-30,USA,13342,214,1764,11364,37746
2020-03-31,Brazil,5461,39,4289,1133,25745
2020-03-31,India,2901,74,2196,631,15038
2020-03-31,Italy,7815,307,4092,3416,25873
2020-03-31,South Africa,8600,115,4696,3789,21257
2020-03-31,USA,6008,174,2276,3558,24870
2020-04-01,Brazil,8241,133,5287,2821,21714
2020-04-01,India,5363,221,3972,1170,29795
2020-04-01,Italy,9667,237,4038,5392,20496
2020-04-01,South Africa,9780,147,5710,3923,28062
2020-04-01,USA,5831,176,2552,3103,19860
2020-04-02,Brazil,10996,242,3781,6973,28642
2020-04-02,India,5348,85,1361,3902,23555
2020-04-02,Italy,6924,174,4971,1779,20959
2020-04-02,South Africa,7565,178,6072,1315,22929
2020-04-02,USA,3657,54,1448,2155,22181
2020-04-03,Brazil,10037,328,5891,3818,20851
2020-04-03,India,5199,185,1979,3035,18167
2020-04-03,Italy,8279,294,4090,3895,23173
2020-04-03,South Africa,7534,166,2542,4826,21801
2020-04-03,USA,3842,97,2266,1479,22840
2020-04-04,Brazil,6687,188,5803,696,28298
2020-04-04,India,8232,156,4786,3290,30161
2020-04-04,Italy,9976,196,5049,4731,24159
2020-04-04,South Africa,6284,111,1369,4804,24747
2020-04-04,USA,8228,98,3005,5125,23490
2020-04-05,Brazil,6399,67,1909,4423,24373
2020-04-05,India,6691,252,1654,4785,20647
2020-04-05,Italy,8618,293,4900,3425,27628
2020-04-05,South Africa,9359,213,6694,2452,30285
2020-04-05,USA,7194,223,4227,2744,27219
2020-04-06,Brazil,7301,188,4935,2178,29865
2020-04-06,India,8721,288,3680,4753,18678
2020-04-06,Italy,9767,303,4637,4827,32391
2020-04-06,South Africa,6319,136,4648,1535,26876
2020-04-06,USA,7840,167,5189,2484,20200
2020-04-07,Brazil,4867,135,3565,1167,22860
2020-04-07,India,9252,305,6276,2671,28329
2020-04-07,Italy,4654,113,2185,2356,24953
2020-04-07,South Africa,6509,170,3129,3210,16332
2020-04-07,USA,7199,264,1689,5246,28480
2020-04-08,Brazil,10588,144,6153,4291,27909
2020-04-08,India,1334,54,653,627,24097
2020-04-08,Italy,7262,182,4409,2671,24032
2020-04-08,South Africa,4255,42,2196,2017,20402
2020-04-08,USA,6301,167,2740,3394,23531
2020-04-09,Brazil,7562,177,2827,4558,29263
2020-04-09,India,6771,217,5400,1154,18203
2020-04-09,Italy,9178,365,3615,5198,35686
2020-04-09,South Africa,8986,90,5802,3094,32668
2020-04-09,USA,5568,71,2928,2569,30447
2020-04-10,Brazil,6736,77,5397,1262,17644
2020-04-10,India,12630,245,6343,6042,27097
2020-04-10,Italy,7624,232,2606,4786,28750
2020-04-10,South Africa,2691,118,1150,1423,23331
2020-04-10,USA,12557,201,2907,9449,26424
2020-04-11,Brazil,6061,157,2557,3347,23949
2020-04-11,India,7759,218,2723,4818,17589
2020-04-11,Italy,9120,358,4391,4371,29765
2020-04-11,South Africa,5808,211,2947,2650,16953
2020-04-11,USA,10270,191,6931,3148,15976
2020-04-12,Brazil,6643,116,3081,3446,19897
2020-04-12,India,9314,248,4962,4104,30207
2020-04-12,Italy,7667,176,5097,2394,20869
2020-04-12,South Africa,6026,226,2828,2972,23692
2020-04-12,USA,9179,184,5088,3907,23501
2020-04-13,Brazil,5988,235,2593,3160,19982
2020-04-13,India,8510,187,5241,3082,31414
2020-04-13,Italy,11623,497,6399,4727,35056
2020-04-13,South Africa,6668,129,5434,1105,24400
2020-04-13,USA,11082,288,7348,3446,19774
2020-04-14,Brazil,11203,291,4404,6508,30308
2020-04-14,India,4900,31,770,4099,12634
2020-04-14,Italy,4754,73,1137,3544,31472
2020-04-14,South Africa,5935,87,2360,3488,28009
2020-04-14,USA,6282,87,1286,4909,32031
2020-04-15,Brazil,10286,167,2342,7777,21247
2020-04-15,India,4242,147,2711,1384,23274
2020-04-15,Italy,11438,349,5176,5913,25457
2020-04-15,South Africa,5829,228,3418,2183,18597
2020-04-15,USA,7203,231,1193,5779,31239
2020-04-16,Brazil,8010,214,5488,2308,26894
2020-04-16,India,6107,110,4168,1829,22688
2020-04-16,Italy,9396,170,1683,7543,25958
2020-04-16,South Africa,9249,171,4907,4171,27396
2020-04-16,USA,2807,71,810,1926,22991
2020-04-17,Brazil,10809,231,6372,4206,32341
2020-04-17,India,6022,179,1477,4366,22873
2020-04-17,Italy,9901,381,5287,4233,29948
2020-04-17,South Africa,10510,264,4930,5316,23660
2020-04-17,USA,7801,196,3388,4217,26535
2020-04-18,Brazil,5573,155,4373,1045,24688
2020-04-18,India,10257,322,3735,6200,32104
2020-04-18,Italy,4885,131,1813,2941,22970
2020-04-18,South Africa,8547,264,3756,4527,34958
2020-04-18,USA,10346,250,6419,3677,29794
2020-04-19,Brazil,3835,110,2045,1680,17770
2020-04-19,India,4361,151,2435,1775,17863
2020-04-19,Italy,9569,371,2766,6432,22652
2020-04-19,South Africa,4230,169,1824,2237,26956
2020-04-19,USA,7679,168,4821,2690,26624
2020-04-20,Brazil,7707,140,3072,4495,20284
2020-04-20,India,9602,238,4308,5056,30216
2020-04-20,Italy,13239,302,9677,3260,26852
2020-04-20,South Africa,2706,34,1434,1238,29315
2020-04-20,USA,8534,384,3342,4808,22254
2020-04-21,Brazil,6016,139,4795,1082,25531
2020-04-21,India,8135,218,5030,2887,26716
2020-04-21,Italy,5551,170,702,4679,28856
2020-04-21,South Africa,6625,229,4109,2287,24454
2020-04-21,USA,7134,155,2915,4064,28928
2020-04-22,Brazil,9429,229,5943,3257,24502
2020-04-22,India,9167,323,6729,2115,20865
2020-04-22,Italy,8552,141,3289,5122,28983
2020-04-22,South Africa,8770,138,5200,3432,26402
2020-04-22,USA,5426,176,2817,2433,16848
2020-04-23,Brazil,4393,76,2423,1894,16603
2020-04-23,India,9345,49,3014,6282,24515
2020-04-23,Italy,5672,182,2647,2843,20341
2020-04-23,South Africa,4286,54,3153,1079,19634
2020-04-23,USA,6574,167,1524,4883,27433
2020-04-24,Brazil,5916,181,3355,2380,18877
2020-04-24,India,2528,60,656,1812,15458
2020-04-24,Italy,6492,235,3394,2863,20616
2020-04-24,South Africa,7143,201,4742,2200,14047
2020-04-24,USA,6624,158,4007,2459,22655
2020-04-25,Brazil,6616,127,5252,1237,20904
2020-04-25,India,9883,201,5234,4448,31771
2020-04-25,Italy,5814,163,3670,1981,17963
2020-04-25,South Africa,3586,119,1362,2105,9628
2020-04-25,USA,6004,156,1405,4443,18428
2020-04-26,Brazil,9108,307,2368,6433,20929
2020-04-26,India,6946,310,4337,2299,27164
2020-04-26,Italy,4952,164,624,4164,19334
2020-04-26,South Africa,5147,176,2237,2734,23174
2020-04-26,USA,7918,228,1235,6455,30388
2020-04-27,Brazil,5452,164,2926,2362,22818
2020-04-27,India,5731,77,3650,2004,14970
2020-04-27,Italy,5298,101,631,4566,22726
2020-04-27,South Africa,9988,241,3475,6272,26623
2020-04-27,USA,7228,285,2867,4076,26462
2020-04-28,Brazil,9465,114,4422,4929,25211
2020-04-28,India,7488,194,3476,3818,17574
2020-04-28,Italy,6362,177,1166,5019,23057
2020-04-28,South Africa,8047,171,3188,4688,16424
2020-04-28,USA,6974,123,3559,3292,23097
2020-04-29,Brazil,7764,160,933,6671,24829
2020-04-29,India,5081,144,2444,2493,18105
2020-04-29,Italy,6245,81,2525,3639,24904
2020-04-29,South Africa,5709,133,4166,1410,31446
2020-04-29,USA,2286,34,1350,902,13851
2020-04-30,Brazil,7293,158,2071,5064,22155
2020-04-30,India,6660,286,5703,671,32062
2020-04-30,Italy,10510,446,4123,5941,28127
2020-04-30,South Africa,11621,289,5310,6022,26342
2020-04-30,USA,11739,207,2980,8552,30928
2020-05-01,Brazil,10023,284,1565,8174,27237
2020-05-01,India,10234,208,822,9204,19915
2020-05-01,Italy,6833,319,4457,2057,23749
2020-05-01,South Africa,8790,97,4500,4193,28243
2020-05-01,USA,9105,211,1946,6948,19249
2020-05-02,Brazil,4633,203,2770,1660,22373
2020-05-02,India,7822,161,3168,4493,16551
2020-05-02,Italy,7674,206,4121,3347,19194
2020-05-02,South Africa,8413,68,6116,2229,23337
2020-05-02,USA,5769,112,1921,3736,10085
2020-05-03,Brazil,5846,169,4699,978,26236
2020-05-03,India,5666,236,3966,1464,17309
2020-05-03,Italy,3980,68,1022,2890,24640
2020-05-03,South Africa,7642,256,5574,1812,21068
2020-05-03,USA,5674,148,2681,2845,28832
2020-05-04,Brazil,8074,230,4198,3646,23817
2020-05-04,India,12082,93,3242,8747,28270
2020-05-04,Italy,2703,88,893,1722,17735
2020-05-04,South Africa,8830,198,3329,5303,26938
2020-05-04,USA,8704,213,6803,1688,28258
2020-05-05,Brazil,4726,128,3791,807,18855
2020-05-05,India,8908,181,2003,6724,24650
2020-05-05,Italy,2864,127,2227,510,18669
2020-05-05,South Africa,6034,141,2754,3139,24426
2020-05-05,USA,12133,411,6536,5186,31897
2020-05-06,Brazil,6018,139,3451,2428,26660
2020-05-06,India,4965,219,3038,1708,23304
2020-05-06,Italy,11012,288,4504,6220,32097
2020-05-06,South Africa,6755,291,2190,4274,20458
2020-05-06,USA,2960,81,202,2677,18797
2020-05-07,Brazil,10328,255,4843,5230,32845
2020-05-07,India,12161,369,2802,8990,21809
2020-05-07,Italy,5235,130,1948,3157,24540
2020-05-07,South Africa,6351,146,3237,2968,17416
2020-05-07,USA,8082,195,4083,3804,29445
2020-05-08,Brazil,7825,262,3219,4344,26072
2020-05-08,India,4235,149,2848,1238,27012
2020-05-08,Italy,6966,153,3307,3506,20693
2020-05-08,South Africa,6375,243,3624,2508,26920
2020-05-08,USA,11365,207,6669,4489,22986
2020-05-09,Brazil,6398,112,3308,2978,27645
2020-05-09,India,7734,119,2972,4643,22361
2020-05-09,Italy,6155,63,3225,2867,21147
2020-05-09,South Africa,7039,234,3407,3398,26247
2020-05-09,USA,7310,260,4327,2723,21382
2020-05-10,Brazil,6213,226,872,5115,17018
2020-05-10,India,8132,253,3659,4220,23576
2020-05-10,Italy,5713,217,690,4806,29942
2020-05-10,South Africa,5385,125,1732,3528,25329
2020-05-10,USA,9670,154,3352,6164,19236
2020-05-11,Brazil,3728,141,893,2694,23630
2020-05-11,India,8331,148,3502,4681,31332
2020-05-11,Italy,7615,50,981,6584,19351
2020-05-11,South Africa,3768,136,2917,715,19543
2020-05-11,USA,7503,120,3416,3967,26681
2020-05-12,Brazil,7549,233,3691,3625,13908
2020-05-12,India,6612,297,5252,1063,27658
2020-05-12,Italy,10694,412,3901,6381,26529
2020-05-12,South Africa,3348,115,1915,1318,21235
2020-05-12,USA,6891,194,5153,1544,21728
2020-05-13,Brazil,9478,355,3099,6024,14845
2020-05-13,India,7099,119,1775,5205,28914
2020-05-13,Italy,12531,311,7145,5075,36888
2020-05-13,South Africa,3670,127,2276,1267,22500
2020-05-13,USA,11024,320,3451,7253,24931
2020-05-14,Brazil,5189,165,2926,2098,33050
2020-05-14,India,8213,165,4355,3693,18464
2020-05-14,Italy,12076,396,7306,4374,24948
2020-05-14,South Africa,10079,182,3683,6214,28727
2020-05-14,USA,6162,89,3786,2287,20248
2020-05-15,Brazil,11398,285,5356,5757,29594
2020-05-15,India,11067,425,8045,2597,27284
2020-05-15,Italy,5429,117,2493,2819,17415
2020-05-15,South Africa,9952,240,4581,5131,25526
2020-05-15,USA,7900,193,6080,1627,26964
2020-05-16,Brazil,3873,100,1300,2473,24442
2020-05-16,India,10053,207,3104,6742,28543
2020-05-16,Italy,6397,272,1305,4820,16299
2020-05-16,South Africa,4865,110,3736,1019,23456
2020-05-16,USA,6260,266,4064,1930,19079
2020-05-17,Brazil,3689,83,2502,1104,21605
2020-05-17,India,10349,170,5518,4661,33407
2020-05-17,Italy,10804,249,3567,6988,22512
2020-05-17,South Africa,9608,247,2191,7170,25982
2020-05-17,USA,9891,327,2258,7306,22343
2020-05-18,Brazil,9313,125,669,8519,25590
2020-05-18,India,5134,168,4322,644,15638
2020-05-18,Italy,12211,150,6199,5862,27822
2020-05-18,South Africa,7415,168,3575,3672,27841
2020-05-18,USA,9507,341,4853,4313,24524
2020-05-19,Brazil,6638,140,1070,5428,18525
2020-05-19,India,8465,144,2969,5352,25229
2020-05-19,Italy,6625,184,4015,2426,20461
2020-05-19,South Africa,8907,263,6372,2272,26968
2020-05-19,USA,7726,158,3460,4108,24640
2020-05-20,Brazil,5284,87,2323,2874,24482
2020-05-20,India,7790,250,1944,5596,25266
2020-05-20,Italy,12281,292,5081,6908,26752
2020-05-20,South Africa,1923,55,1476,392,24229
2020-05-20,USA,7093,210,4463,2420,21465
2020-05-21,Brazil,6413,232,4740,1441,27633
2020-05-21,India,9638,198,4978,4462,21226
2020-05-21,Italy,10744,120,7316,3308,30715
2020-05-21,South Africa,11442,131,7047,4264,25879
2020-05-21,USA,11262,320,1911,9031,28338
2020-05-22,Brazil,9080,164,2533,6383,17298
2020-05-22,India,10376,358,2441,7577,26548
2020-05-22,Italy,7005,196,3563,3246,26133
2020-05-22,South Africa,11538,382,6664,4492,28039
2020-05-22,USA,9066,331,5241,3494,28502
2020-05-23,Brazil,8312,296,1503,6513,28565
2020-05-23,India,10150,270,2507,7373,26122
2020-05-23,Italy,9671,158,8555,958,30850
2020-05-23,South Africa,8736,109,2396,6231,28550
2020-05-23,USA,5026,99,3872,1055,18505
2020-05-24,Brazil,6927,227,5538,1162,31397
2020-05-24,India,6902,107,4588,2207,16943
2020-05-24,Italy,5964,105,4823,1036,20127
2020-05-24,South Africa,7732,124,1389,6219,25883
2020-05-24,USA,5664,209,4559,896,22146
2020-05-25,Brazil,4662,94,3478,1090,22575
2020-05-25,India,11412,110,5136,6166,25158
2020-05-25,Italy,4184,190,1201,2793,22493
2020-05-25,South Africa,8709,195,4947,3567,23266
2020-05-25,USA,13204,315,5863,7026,23853
2020-05-26,Brazil,9668,190,5274,4204,26003
2020-05-26,India,5393,146,2218,3029,29143
2020-05-26,Italy,7363,24,4278,3061,25175
2020-05-26,South Africa,6316,173,3865,2278,21343
2020-05-26,USA,9393,342,6531,2520,28281
2020-05-27,Brazil,6656,204,1451,5001,26922
2020-05-27,India,5251,99,857,4295,23177
2020-05-27,Italy,6415,146,1293,4976,27894
2020-05-27,South Africa,8223,244,2281,5698,33263
2020-05-27,USA,8399,208,6878,1313,29441
2020-05-28,Brazil,12340,220,6967,5153,38688
2020-05-28,India,9272,248,3614,5410,33926
2020-05-28,Italy,6211,63,5546,602,16834
2020-05-28,South Africa,11234,369,3983,6882,33145
2020-05-28,USA,5411,140,1106,4165,21686
2020-05-29,Brazil,5908,203,3321,2384,25941
2020-05-29,India,6551,92,5483,976,29450
2020-05-29,Italy,9523,274,5367,3882,28514
2020-05-29,South Africa,3975,118,2434,1423,13817
2020-05-29,USA,6009,203,3809,1997,29456
2020-05-30,Brazil,8502,343,5146,3013,26154
2020-05-30,India,5514,199,1559,3756,25705
2020-05-30,Italy,10936,278,8098,2560,28963
2020-05-30,South Africa,9692,235,3671,5786,21084
2020-05-30,USA,7670,214,2092,5364,18254
2020-05-31,Brazil,7723,254,5779,1690,22715
2020-05-31,India,7751,212,71,7468,30560
2020-05-31,Italy,6833,149,2684,4000,24685
2020-05-31,South Africa,5653,127,2919,2607,22251
2020-05-31,USA,11481,282,5724,5475,25438
2020-06-01,Brazil,8680,267,4790,3623,16203
2020-06-01,India,5662,20,2238,3404,15745
2020-06-01,Italy,5782,220,3248,2314,14948
2020-06-01,South Africa,7801,266,3296,4239,23146
2020-06-01,USA,8547,245,4728,3574,21149
2020-06-02,Brazil,7628,46,4009,3573,21276
2020-06-02,India,4627,122,2061,2444,23203
2020-06-02,Italy,11982,310,2263,9409,28922
2020-06-02,South Africa,11355,392,6832,4131,22938
2020-06-02,USA,7520,33,3987,3500,21564
2020-06-03,Brazil,10664,424,8725,1515,20336
2020-06-03,India,7857,182,5738,1937,26542
2020-06-03,Italy,3581,51,2304,1226,13461
2020-06-03,South Africa,6476,149,4133,2194,23174
2020-06-03,USA,8534,267,1156,7111,34661
2020-06-04,Brazil,5242,201,2332,2709,17079
2020-06-04,India,1164,41,258,865,19289
2020-06-04,Italy,9290,379,4779,4132,31953
2020-06-04,South Africa,6652,168,5666,818,23299
2020-06-04,USA,5381,211,3698,1472,24370
2020-06-05,Brazil,3100,50,1906,1144,24555
2020-06-05,India,12646,304,7289,5053,32489
2020-06-05,Italy,5999,176,2200,3623,17193
2020-06-05,South Africa,3292,88,2564,640,17606
2020-06-05,USA,8496,308,3715,4473,25877
2020-06-06,Brazil,3427,150,1408,1869,19655
2020-06-06,India,13595,437,5980,7178,19685
2020-06-06,Italy,4643,81,1568,2994,18704
2020-06-06,South Africa,8858,260,4334,4264,23380
2020-06-06,USA,6859,151,3258,3450,25461
2020-06-07,Brazil,8107,171,6222,1714,18726
2020-06-07,India,8778,259,3753,4766,26196
2020-06-07,Italy,5775,61,3583,2131,13389
2020-06-07,South Africa,8882,245,4431,4206,19891
2020-06-07,USA,6735,137,2451,4147,24701
2020-06-08,Brazil,5198,183,3689,1326,26740
2020-06-08,India,5767,182,3915,1670,19251
2020-06-08,Italy,6808,275,4800,1733,17727
2020-06-08,South Africa,3133,55,2274,804,22817
2020-06-08,USA,7874,237,3048,4589,24198
2020-06-09,Brazil,7189,162,5246,1781,17255
2020-06-09,India,2202,53,1408,741,14871
2020-06-09,Italy,3810,40,2688,1082,24709
2020-06-09,South Africa,5689,137,2251,3301,19295
2020-06-09,USA,10590,278,5364,4948,24874
2020-06-10,Brazil,5711,93,1969,3649,26856
2020-06-10,India,7503,262,2081,5160,28423
2020-06-10,Italy,8540,227,5842,2471,33561
2020-06-10,South Africa,7209,258,1883,5068,25914
2020-06-10,USA,9468,269,5466,3733,18263
2020-06-11,Brazil,8219,335,5916,1968,24130
2020-06-11,India,4370,148,2335,1887,22256
2020-06-11,Italy,8748,200,2696,5852,20324
2020-06-11,South Africa,5959,234,4444,1281,26036
2020-06-11,USA,6338,122,4514,1702,20576
2020-06-12,Brazil,10590,284,3067,7239,26693
2020-06-12,India,7130,176,2373,4581,20207
2020-06-12,Italy,6297,93,1828,4376,20705
2020-06-12,South Africa,11000,213,5465,5322,23349
2020-06-12,USA,5629,221,117,5291,29028
2020-06-13,Brazil,5111,221,2662,2228,25736
2020-06-13,India,7596,184,3555,3857,18284
2020-06-13,Italy,12947,320,10774,1853,30038
2020-06-13,South Africa,4273,109,1015,3149,17924
2020-06-13,USA,8943,155,4421,4367,21674
2020-06-14,Brazil,6474,175,4259,2040,23138
2020-06-14,India,2548,112,405,2031,18682
2020-06-14,Italy,9404,238,4094,5072,27767
2020-06-14,South Africa,8050,275,5570,2205,26106
2020-06-14,USA,5305,165,4625,515,19549
2020-06-15,Brazil,3417,61,2026,1330,25810
2020-06-15,India,6108,191,2026,3891,19683
2020-06-15,Italy,7069,263,1327,5479,23597
2020-06-15,South Africa,9640,234,1453,7953,27350
2020-06-15,USA,4635,137,2347,2151,16072
2020-06-16,Brazil,7658,167,3777,3714,21522
2020-06-16,India,6625,81,4955,1589,23121
2020-06-16,Italy,8073,193,1084,6796,22139
2020-06-16,South Africa,9265,137,4599,4529,29802
2020-06-16,USA,4960,185,1112,3663,22724
2020-06-17,Brazil,6768,231,5006,1531,20411
2020-06-17,India,7673,168,5840,1665,24092
2020-06-17,Italy,10606,146,6978,3482,30859
2020-06-17,South Africa,6047,193,3705,2149,26169
2020-06-17,USA,7470,234,4510,2726,20604
2020-06-18,Brazil,5991,220,3151,2620,17422
2020-06-18,India,8664,353,5275,3036,27689
2020-06-18,Italy,8409,172,5836,2401,31044
2020-06-18,South Africa,9410,132,7369,1909,23624
2020-06-18,USA,10088,173,6589,3326,22478
2020-06-19,Brazil,5696,85,2323,3288,18164
2020-06-19,India,4869,169,2005,2695,22820
2020-06-19,Italy,6319,241,3799,2279,30054
2020-06-19,South Africa,12384,267,9181,2936,36807
2020-06-19,USA,8739,169,3769,4801,32551
2020-06-20,Brazil,10018,240,2150,7628,34067
2020-06-20,India,5578,230,3634,1714,25039
2020-06-20,Italy,9536,242,5334,3960,27775
2020-06-20,South Africa,11743,212,5306,6225,28039
2020-06-20,USA,5898,215,1891,3792,23361
2020-06-21,Brazil,9121,290,4579,4252,31262
2020-06-21,India,6901,73,1829,4999,20587
2020-06-21,Italy,5197,144,2292,2761,22961
2020-06-21,South Africa,6245,130,3586,2529,30892
2020-06-21,USA,6711,232,4921,1558,18929
2020-06-22,Brazil,10690,452,5860,4378,32577
2020-06-22,India,10577,150,3947,6480,30292
2020-06-22,Italy,6218,71,3442,2705,20087
2020-06-22,South Africa,6469,116,1575,4778,18050
2020-06-22,USA,7078,259,4415,2404,21951
2020-06-23,Brazil,2460,76,756,1628,23302
2020-06-23,India,6525,215,1569,4741,18667
2020-06-23,Italy,9205,160,3907,5138,25725
2020-06-23,South Africa,7866,72,3046,4748,17980
2020-06-23,USA,6785,177,2361,4247,27055
2020-06-24,Brazil,9213,235,6773,2205,19977
2020-06-24,India,5955,44,4903,1008,27770
2020-06-24,Italy,6775,182,4158,2435,25787
2020-06-24,South Africa,6411,78,4403,1930,25635
2020-06-24,USA,12289,199,4004,8086,31505
2020-06-25,Brazil,5276,224,4291,761,18559
2020-06-25,India,7484,161,6227,1096,30901
2020-06-25,Italy,7446,263,937,6246,22714
2020-06-25,South Africa,5986,185,3593,2208,21452
2020-06-25,USA,4634,93,3112,1429,19058
2020-06-26,Brazil,4105,116,1707,2282,16774
2020-06-26,India,9227,246,3667,5314,22315
2020-06-26,Italy,8814,404,2854,5556,23470
2020-06-26,South Africa,5169,150,1788,3231,21040
2020-06-26,USA,6935,205,2019,4711,24362
2020-06-27,Brazil,3602,95,2072,1435,17455
2020-06-27,India,11378,128,6251,4999,25219
2020-06-27,Italy,12087,187,2196,9704,17582
2020-06-27,South Africa,7243,156,4637,2450,24650
2020-06-27,USA,7643,105,5566,1972,24049
2020-06-28,Brazil,4769,53,1975,2741,18457
2020-06-28,India,6299,212,3190,2897,18152
2020-06-28,Italy,6949,173,2114,4662,24891
2020-06-28,South Africa,10084,227,2502,7355,34969
2020-06-28,USA,8777,270,2444,6063,27340
2020-06-29,Brazil,7673,269,2167,5237,18429
2020-06-29,India,12298,75,4871,7352,31793
2020-06-29,Italy,10808,311,9456,1041,22546
2020-06-29,South Africa,4649,196,3152,1301,20789
2020-06-29,USA,11511,440,3939,7132,24139
2020-06-30,Brazil,8508,290,6013,2205,21185
2020-06-30,India,7615,164,4000,3451,23893
2020-06-30,Italy,8277,300,3975,4002,30102
2020-06-30,South Africa,5907,110,4896,901,25082
2020-06-30,USA,11406,383,4498,6525,23759
2020-07-01,Brazil,9440,338,1507,7595,27767
2020-07-01,India,2203,75,502,1626,22579
2020-07-01,Italy,13247,374,8261,4612,35359
2020-07-01,South Africa,7691,138,2826,4727,22650
2020-07-01,USA,2498,89,1234,1175,29781
2020-07-02,Brazil,10234,349,1362,8523,36109
2020-07-02,India,4175,72,2785,1318,15036
2020-07-02,Italy,10661,197,5757,4707,29860
2020-07-02,South Africa,6692,275,4350,2067,20944
2020-07-02,USA,8217,167,3250,4800,22160
2020-07-03,Brazil,10051,267,3957,5827,34007
2020-07-03,India,4306,116,864,3326,19460
2020-07-03,Italy,9009,285,3324,5400,20788
2020-07-03,South Africa,7146,179,5203,1764,26534
2020-07-03,USA,10031,309,4740,4982,27836
2020-07-04,Brazil,6231,155,4949,1127,21843
2020-07-04,India,5173,54,3810,1309,27413
2020-07-04,Italy,5695,119,3309,2267,25159
2020-07-04,South Africa,9032,141,7281,1610,29644
2020-07-04,USA,9570,285,3989,5296,31442
2020-07-05,Brazil,11488,278,5039,6171,26202
2020-07-05,India,5217,123,2167,2927,18697
2020-07-05,Italy,6788,104,3701,2983,28485
2020-07-05,South Africa,6358,116,2790,3452,28289
2020-07-05,USA,7391,286,2570,4535,22961
2020-07-06,Brazil,3558,45,1621,1892,18891
2020-07-06,India,8272,208,1499,6565,25363
2020-07-06,Italy,5528,173,341,5014,17835
2020-07-06,South Africa,4998,167,311,4520,14343
2020-07-06,USA,6743,93,3188,3462,21116
2020-07-07,Brazil,10439,273,6322,3844,28149
2020-07-07,India,8213,240,2897,5076,22496
2020-07-07,Italy,3582,118,731,2733,29015
2020-07-07,South Africa,6784,165,4658,1961,17455
2020-07-07,USA,10913,220,1499,9194,28897
2020-07-08,Brazil,5451,238,1446,3767,18774
2020-07-08,India,6586,194,4507,1885,25371
2020-07-08,Italy,7105,272,5333,1500,31465
2020-07-08,South Africa,11701,284,2587,8830,23427
2020-07-08,USA,3025,33,1974,1018,29111
2020-07-09,Brazil,7088,273,3534,3281,21215
2020-07-09,India,3935,170,2997,768,16090
2020-07-09,Italy,8215,303,2785,5127,22883
2020-07-09,South Africa,8563,333,6896,1334,24395
2020-07-09,USA,7164,252,3568,3344,27209
2020-07-10,Brazil,8044,160,3671,4213,22735
2020-07-10,India,12889,285,8651,3953,28543
2020-07-10,Italy,10201,125,1015,9061,26069
2020-07-10,South Africa,8236,243,6367,1626,24894
2020-07-10,USA,10024,58,3861,6105,25079
2020-07-11,Brazil,9985,144,5095,4746,25966
2020-07-11,India,7108,110,5535,1463,24891
2020-07-11,Italy,8613,188,4496,3929,26749
2020-07-11,South Africa,8486,237,6971,1278,37357
2020-07-11,USA,5947,170,1568,4209,25467
2020-07-12,Brazil,6306,145,2242,3919,20332
2020-07-12,India,8909,285,6610,2014,25107
2020-07-12,Italy,8831,292,2946,5593,27372
2020-07-12,South Africa,7932,180,2269,5483,23920
2020-07-12,USA,9054,171,4597,4286,25605
2020-07-13,Brazil,6432,193,1434,4805,24363
2020-07-13,India,8068,99,2166,5803,25181
2020-07-13,Italy,8206,205,1939,6062,31115
2020-07-13,South Africa,10638,403,5989,4246,28670
2020-07-13,USA,4983,110,3660,1213,26262
2020-07-14,Brazil,9078,148,5038,3892,25351
2020-07-14,India,4668,113,2786,1769,16864
2020-07-14,Italy,8309,326,3668,4315,28673
2020-07-14,South Africa,4206,173,1430,2603,15294
2020-07-14,USA,6909,74,4647,2188,25331
2020-07-15,Brazil,2387,79,1117,1191,17100
2020-07-15,India,9480,262,5275,3943,22429
2020-07-15,Italy,9314,115,4366,4833,22722
2020-07-15,South Africa,5669,268,2507,2894,20860
2020-07-15,USA,7460,154,5200,2106,23285
2020-07-16,Brazil,6817,253,2398,4166,19478
2020-07-16,India,5564,156,3222,2186,25207
2020-07-16,Italy,8473,335,2360,5778,18217
2020-07-16,South Africa,9138,124,4257,4757,24809
2020-07-16,USA,5888,132,2455,3301,24253
2020-07-17,Brazil,7254,211,4264,2779,21059
2020-07-17,India,9570,207,2537,6826,27591
2020-07-17,Italy,4964,74,2027,2863,30051
2020-07-17,South Africa,7970,193,5546,2231,24231
2020-07-17,USA,8569,163,4186,4220,23892
2020-07-18,Brazil,10139,380,3922,5837,22423
2020-07-18,India,8870,291,3037,5542,27094
2020-07-18,Italy,7676,85,3779,3812,20054
2020-07-18,South Africa,11016,241,3937,6838,22876
2020-07-18,USA,6550,116,4092,2342,14830
2020-07-19,Brazil,4626,204,2295,2127,19795
2020-07-19,India,6137,143,4240,1754,23998
2020-07-19,Italy,6580,234,4462,1884,27881
2020-07-19,South Africa,3730,139,2106,1485,18926
2020-07-19,USA,8480,154,4723,3603,33168
2020-07-20,Brazil,8586,285,4685,3616,24746
2020-07-20,India,8506,133,4955,3418,28737
2020-07-20,Italy,7813,67,1019,6727,27422
2020-07-20,South Africa,7204,256,3311,3637,32466
2020-07-20,USA,6876,282,2360,4234,26888
2020-07-21,Brazil,7507,274,2966,4267,16623
2020-07-21,India,4133,15,954,3164,17488
2020-07-21,Italy,8554,200,5043,3311,24226
2020-07-21,South Africa,6407,257,3296,2854,34019
2020-07-21,USA,9397,126,3141,6130,31378
2020-07-22,Brazil,9134,385,6837,1912,26667
2020-07-22,India,8564,51,4367,4146,29253
2020-07-22,Italy,6321,219,1424,4678,23187
2020-07-22,South Africa,13567,214,1935,11418,32691
2020-07-22,USA,7809,326,3129,4354,27154
2020-07-23,Brazil,9403,327,4924,4152,16715
2020-07-23,India,9787,82,3699,6006,24896
2020-07-23,Italy,7261,62,5479,1720,26201
2020-07-23,South Africa,6352,245,4699,1408,20046
2020-07-23,USA,7663,146,2922,4595,27839
2020-07-24,Brazil,5815,91,3465,2259,15281
2020-07-24,India,3547,90,2502,955,23911
2020-07-24,Italy,9049,147,6220,2682,20189
2020-07-24,South Africa,12354,460,4841,7053,35758
2020-07-24,USA,9794,224,3064,6506,36952
2020-07-25,Brazil,6475,133,2948,3394,21022
2020-07-25,India,8893,380,2426,6087,28044
2020-07-25,Italy,6657,111,2171,4375,22676
2020-07-25,South Africa,12343,307,5293,6743,36406
2020-07-25,USA,9425,255,6084,3086,23105
2020-07-26,Brazil,10160,255,5869,4036,31113
2020-07-26,India,9272,405,3972,4895,23337
2020-07-26,Italy,7924,184,4141,3599,34729
2020-07-26,South Africa,5903,97,3799,2007,27602
2020-07-26,USA,6955,234,1190,5531,15997
2020-07-27,Brazil,8483,264,1718,6501,17751
2020-07-27,India,5811,117,1428,4266,22178
2020-07-27,Italy,11947,422,8528,2997,28377
2020-07-27,South Africa,5543,96,4887,560,25056
2020-07-27,USA,6615,190,2510,3915,17720
2020-07-28,Brazil,7598,96,3266,4236,29960
2020-07-28,India,8224,160,6031,2033,18484
2020-07-28,Italy,4174,189,916,3069,23432
2020-07-28,South Africa,7341,105,2706,4530,22093
2020-07-28,USA,10843,367,3746,6730,23900
2020-07-29,Brazil,10046,345,4210,5491,31355
2020-07-29,India,2924,69,1523,1332,13137
2020-07-29,Italy,8715,165,3398,5152,21831
2020-07-29,South Africa,4664,173,2943,1548,18690
2020-07-29,USA,6797,118,2380,4299,23165
2020-07-30,Brazil,4576,90,2937,1549,15344
2020-07-30,India,8148,278,4596,3274,18180
2020-07-30,Italy,5677,190,3459,2028,25442
2020-07-30,South Africa,3869,147,1902,1820,17880
2020-07-30,USA,4909,64,3121,1724,20885
2020-07-31,Brazil,6966,118,2751,4097,16588
2020-07-31,India,9625,310,1505,7810,22062
2020-07-31,Italy,8819,291,3271,5257,23681
2020-07-31,South Africa,5012,60,2894,2058,25872
2020-07-31,USA,10471,148,8963,1360,21495
2020-08-01,Brazil,12025,417,5359,6249,26619
2020-08-01,India,11578,276,2902,8400,26305
2020-08-01,Italy,5655,130,403,5122,24213
2020-08-01,South Africa,6441,129,1599,4713,16510
2020-08-01,USA,4334,111,1242,2981,28794
2020-08-02,Brazil,6886,33,1790,5063,24159
2020-08-02,India,10809,327,7016,3466,22209
2020-08-02,Italy,3738,150,2039,1549,17993
2020-08-02,South Africa,10838,325,3698,6815,31399
2020-08-02,USA,5513,50,3546,1917,26256
2020-08-03,Brazil,7247,207,3851,3189,30940
2020-08-03,India,7644,255,2119,5270,15496
2020-08-03,Italy,6018,86,3783,2149,17049
2020-08-03,South Africa,9002,273,4332,4397,26043
2020-08-03,USA,9634,281,5735,3618,27537
2020-08-04,Brazil,6065,60,3911,2094,15178
2020-08-04,India,8225,259,4866,3100,20073
2020-08-04,Italy,6206,254,3899,2053,17764
2020-08-04,South Africa,4385,92,1334,2959,15108
2020-08-04,USA,7635,174,5223,2238,23769
2020-08-05,Brazil,9454,161,5234,4059,27957
2020-08-05,India,4910,102,3003,1805,23302
2020-08-05,Italy,4773,48,3886,839,28083
2020-08-05,South Africa,8505,145,3880,4480,32489
2020-08-05,USA,3491,94,2513,884,21935
2020-08-06,Brazil,5653,146,3019,2488,20027
2020-08-06,India,12968,411,6638,5919,34037
2020-08-06,Italy,10651,340,6496,3815,31442
2020-08-06,South Africa,8795,128,2394,6273,24200
2020-08-06,USA,8130,226,2821,5083,28062
2020-08-07,Brazil,8844,271,4986,3587,19100
2020-08-07,India,7048,179,3078,3791,22216
2020-08-07,Italy,10921,204,6284,4433,26444
2020-08-07,South Africa,7349,139,5042,2168,19787
2020-08-07,USA,5249,157,2210,2882,27037
2020-08-08,Brazil,8390,171,3725,4494,27608
2020-08-08,India,8895,309,4086,4500,35758
2020-08-08,Italy,7243,58,1014,6171,21095
2020-08-08,South Africa,9269,170,4499,4600,25728
2020-08-08,USA,8362,304,3343,4715,20425
2020-08-09,Brazil,10023,224,6212,3587,29420
2020-08-09,India,7687,148,4411,3128,20659
2020-08-09,Italy,12367,341,4652,7374,36279
2020-08-09,South Africa,8981,266,5428,3287,30733
2020-08-09,USA,10668,254,5018,5396,22963
2020-08-10,Brazil,8526,136,3182,5208,22524
2020-08-10,India,10371,142,6482,3747,25901
2020-08-10,Italy,7310,141,1817,5352,22959
2020-08-10,South Africa,8335,210,5784,2341,17392
2020-08-10,USA,9453,209,3823,5421,26262
2020-08-11,Brazil,7206,232,1159,5815,20772
2020-08-11,India,6049,82,1814,4153,19637
2020-08-11,Italy,5961,113,1084,4764,14309
2020-08-11,South Africa,3830,105,3305,420,14435
2020-08-11,USA,5465,102,3300,2063,23834
2020-08-12,Brazil,10118,176,3317,6625,28394
2020-08-12,India,5606,165,1738,3703,17595
2020-08-12,Italy,11583,144,7157,4282,22258
2020-08-12,South Africa,13295,546,9601,3148,26584
2020-08-12,USA,7317,221,2010,5086,18493
2020-08-13,Brazil,3210,53,1538,1619,21565
2020-08-13,India,5085,35,3157,1893,20243
2020-08-13,Italy,8230,306,4095,3829,32253
2020-08-13,South Africa,3589,81,1954,1554,13186
2020-08-13,USA,9113,219,4680,4214,22488
2020-08-14,Brazil,10818,224,6651,3943,34522
2020-08-14,India,6193,154,2669,3370,22154
2020-08-14,Italy,9652,219,4399,5034,26697
2020-08-14,South Africa,6411,130,3574,2707,29988
2020-08-14,USA,11303,208,5000,6095,26322
2020-08-15,Brazil,10898,320,5462,5116,32789
2020-08-15,India,5733,126,4272,1335,21744
2020-08-15,Italy,5453,58,4031,1364,18387
2020-08-15,South Africa,5179,113,3185,1881,17092
2020-08-15,USA,9101,186,4491,4424,27592
2020-08-16,Brazil,6835,106,3052,3677,31796
2020-08-16,India,6874,292,1286,5296,33564
2020-08-16,Italy,6614,62,3608,2944,19130
2020-08-16,South Africa,3985,98,1127,2760,18505
2020-08-16,USA,8907,207,4011,4689,29114
2020-08-17,Brazil,9710,420,3873,5417,32871
2020-08-17,India,9465,78,6862,2525,22942
2020-08-17,Italy,5882,60,3287,2535,27403
2020-08-17,South Africa,7128,248,4079,2801,32642
2020-08-17,USA,1677,15,633,1029,9839
2020-08-18,Brazil,3900,163,3566,171,24241
2020-08-18,India,7231,119,4481,2631,23462
2020-08-18,Italy,7201,129,2445,4627,28692
2020-08-18,South Africa,7281,244,1643,5394,22074
2020-08-18,USA,3401,123,1730,1548,23953
2020-08-19,Brazil,5144,84,4061,999,22183
2020-08-19,India,9915,315,7952,1648,22614
2020-08-19,Italy,7636,137,2729,4770,27957
2020-08-19,South Africa,3281,110,2135,1036,21197
2020-08-19,USA,7081,87,1461,5533,19461
2020-08-20,Brazil,11569,207,8029,3333,32539
2020-08-20,India,11203,388,3814,7001,27756
2020-08-20,Italy,10292,334,1778,8180,32549
2020-08-20,South Africa,8553,358,3092,5103,21780
2020-08-20,USA,5609,148,1763,3698,19068
2020-08-21,Brazil,8578,227,4961,3390,26682
2020-08-21,India,3619,114,2978,527,19556
2020-08-21,Italy,2936,33,1871,1032,23496
2020-08-21,South Africa,7831,284,3539,4008,22532
2020-08-21,USA,6250,121,1091,5038,28259
2020-08-22,Brazil,2613,14,1345,1254,21489
2020-08-22,India,10326,146,4336,5844,33644
2020-08-22,Italy,8372,219,4356,3797,23058
2020-08-22,South Africa,8657,215,4706,3736,28789
2020-08-22,USA,5794,150,1926,3718,20290
2020-08-23,Brazil,8050,185,2603,5262,26188
2020-08-23,India,9329,254,3035,6040,22730
2020-08-23,Italy,12490,215,5625,6650,22853
2020-08-23,South Africa,7324,135,2580,4609,23162
2020-08-23,USA,8113,132,4797,3184,19950
2020-08-24,Brazil,11812,272,6160,5380,28434
2020-08-24,India,5949,102,2109,3738,17295
2020-08-24,Italy,8407,269,3960,4178,21195
2020-08-24,South Africa,11093,307,5913,4873,28159
2020-08-24,USA,14132,324,6712,7096,25934
2020-08-25,Brazil,5158,158,2847,2153,28749
2020-08-25,India,6458,176,820,5462,18472
2020-08-25,Italy,9196,139,8143,914,31062
2020-08-25,South Africa,6614,67,3395,3152,28003
2020-08-25,USA,13418,327,1337,11754,35905
2020-08-26,Brazil,5637,79,1875,3683,24037
2020-08-26,India,7312,128,4195,2989,23501
2020-08-26,Italy,12235,90,4348,7797,30030
2020-08-26,South Africa,8697,313,4770,3614,22593
2020-08-26,USA,2542,64,1556,922,29529
2020-08-27,Brazil,5201,79,1767,3355,26309
2020-08-27,India,7679,240,3140,4299,16530
2020-08-27,Italy,4695,26,3357,1312,24246
2020-08-27,South Africa,9500,289,1473,7738,30075
2020-08-27,USA,7412,150,2038,5224,23856
2020-08-28,Brazil,5502,131,2771,2600,21340
2020-08-28,India,8645,113,4701,3831,21991
2020-08-28,Italy,6243,52,2832,3359,27631
2020-08-28,South Africa,6489,116,3271,3102,17971
2020-08-28,USA,9944,325,2370,7249,20421
2020-08-29,Brazil,7544,177,3381,3986,18465
2020-08-29,India,6443,163,2586,3694,30192
2020-08-29,Italy,3613,102,2599,912,22843
2020-08-29,South Africa,10007,284,5112,4611,25208
2020-08-29,USA,5562,174,2006,3382,20947
2020-08-30,Brazil,8962,253,3742,4967,25313
2020-08-30,India,5760,196,2396,3168,21773
2020-08-30,Italy,10700,344,3872,6484,35558
2020-08-30,South Africa,6423,80,2185,4158,20678
2020-08-30,USA,7834,163,4190,3481,29845
2020-08-31,Brazil,7827,138,3062,4627,24865
2020-08-31,India,5655,179,1671,3805,14119
2020-08-31,Italy,5964,168,3725,2071,24087
2020-08-31,South Africa,6981,106,3090,3785,26129
2020-08-31,USA,9826,164,2473,7189,22581
2020-09-01,Brazil,3121,89,951,2081,16203
2020-09-01,India,3911,84,2741,1086,23568
2020-09-01,Italy,7824,282,5742,1800,23898
2020-09-01,South Africa,7292,72,1589,5631,17083
2020-09-01,USA,5932,59,3238,2635,16132
2020-09-02,Brazil,7433,119,3052,4262,25811
2020-09-02,India,9184,146,2491,6547,23900
2020-09-02,Italy,7106,150,4640,2316,24238
2020-09-02,South Africa,1778,27,1355,396,22425
2020-09-02,USA,6711,148,1603,4960,16479
2020-09-03,Brazil,5760,178,2794,2788,18700
2020-09-03,India,6722,162,3354,3206,23824
2020-09-03,Italy,5715,44,2071,3600,29745
2020-09-03,South Africa,3866,125,1696,2045,15440
2020-09-03,USA,11015,389,5774,4852,33349
2020-09-04,Brazil,7584,285,4818,2481,24967
2020-09-04,India,10900,37,9629,1234,25185
2020-09-04,Italy,6734,64,874,5796,20054
2020-09-04,South Africa,11626,284,5889,5453,24083
2020-09-04,USA,5556,229,3582,1745,13526
2020-09-05,Brazil,5520,34,978,4508,20153
2020-09-05,India,10765,301,4309,6155,22086
2020-09-05,Italy,11615,63,2980,8572,29553
2020-09-05,South Africa,6163,130,2419,3614,20468
2020-09-05,USA,10428,213,2610,7605,27927
2020-09-06,Brazil,4879,192,1814,2873,24313
2020-09-06,India,10027,393,3207,6427,16664
2020-09-06,Italy,6805,143,3637,3025,13283
2020-09-06,South Africa,5374,252,1133,3989,24399
2020-09-06,USA,10933,444,4384,6105,27790
2020-09-07,Brazil,7769,238,2168,5363,26633
2020-09-07,India,7725,118,3644,3963,21001
2020-09-07,Italy,7442,73,2318,5051,22719
2020-09-07,South Africa,5745,238,4682,825,25780
2020-09-07,USA,8003,145,5766,2092,25594
2020-09-08,Brazil,7011,87,2868,4056,26752
2020-09-08,India,4779,72,2104,2603,27634
2020-09-08,Italy,3872,67,693,3112,17022
2020-09-08,South Africa,9333,217,5454,3662,22218
2020-09-08,USA,9313,106,5088,4119,22921
2020-09-09,Brazil,8227,130,5378,2719,20509
2020-09-09,India,8870,236,5746,2888,27743
2020-09-09,Italy,7635,125,2166,5344,28866
2020-09-09,South Africa,7265,181,1967,5117,23624
2020-09-09,USA,834,14,521,299,19786
2020-09-10,Brazil,4902,72,2578,2252,25342
2020-09-10,India,9371,272,4144,4955,34221
2020-09-10,Italy,12724,357,2116,10251,31125
2020-09-10,South Africa,7290,198,4368,2724,28043
2020-09-10,USA,11538,368,5009,6161,23496
2020-09-11,Brazil,6258,124,3566,2568,22290
2020-09-11,India,6709,180,2796,3733,18253
2020-09-11,Italy,11015,170,5736,5109,22942
2020-09-11,South Africa,5386,49,2686,2651,19345
2020-09-11,USA,7211,254,5581,1376,28591
2020-09-12,Brazil,9668,391,1885,7392,19198
2020-09-12,India,7485,132,5703,1650,17588
2020-09-12,Italy,2642,60,730,1852,27579
2020-09-12,South Africa,5640,129,1819,3692,18248
2020-09-12,USA,7781,100,5481,2200,16025
2020-09-13,Brazil,4869,64,685,4120,21662
2020-09-13,India,10149,349,1438,8362,25664
2020-09-13,Italy,10159,309,4864,4986,30605
2020-09-13,South Africa,7313,184,3862,3267,26970
2020-09-13,USA,3538,131,426,2981,21369
2020-09-14,Brazil,7699,155,2488,5056,24652
2020-09-14,India,9190,94,6650,2446,26987
2020-09-14,Italy,3734,132,1298,2304,23707
2020-09-14,South Africa,9083,332,2629,6122,32185
2020-09-14,USA,5942,92,2770,3080,24374
2020-09-15,Brazil,1522,54,1280,188,16046
2020-09-15,India,9272,117,7488,1667,30104
2020-09-15,Italy,6312,70,3675,2567,26908
2020-09-15,South Africa,7483,268,3013,4202,26692
2020-09-15,USA,6787,144,1761,4882,28147
2020-09-16,Brazil,4859,154,2930,1775,15037
2020-09-16,India,3229,30,853,2346,16668
2020-09-16,Italy,10521,382,7939,2200,29377
2020-09-16,South Africa,7689,363,3130,4196,16922
2020-09-16,USA,5541,246,146,5149,15536
2020-09-17,Brazil,6917,203,2909,3805,24485
2020-09-17,India,6214,103,2648,3463,21731
2020-09-17,Italy,10474,194,5718,4562,25242
2020-09-17,South Africa,6850,184,3027,3639,27809
2020-09-17,USA,6327,114,3033,3180,28993
2020-09-18,Brazil,9928,196,7282,2450,24129
2020-09-18,India,8082,178,2835,5069,29110
2020-09-18,Italy,4646,37,3040,1569,20083
2020-09-18,South Africa,10121,150,4042,5929,25569
2020-09-18,USA,7560,97,4301,3162,24450
2020-09-19,Brazil,6538,219,237,6082,24047
2020-09-19,India,5324,229,1397,3698,23208
2020-09-19,Italy,5032,52,3461,1519,24538
2020-09-19,South Africa,11161,307,7049,3805,29838
2020-09-19,USA,4374,52,1719,2603,21030
2020-09-20,Brazil,6254,162,1753,4339,28716
2020-09-20,India,11600,399,4909,6292,27845
2020-09-20,Italy,9867,256,5193,4418,22390
2020-09-20,South Africa,7117,159,2662,4296,32547
2020-09-20,USA,8868,342,4105,4421,24079
2020-09-21,Brazil,3432,125,2272,1035,17932
2020-09-21,India,7274,142,5325,1807,14666
2020-09-21,Italy,7368,239,2603,4526,27270
2020-09-21,South Africa,10554,289,4314,5951,22953
2020-09-21,USA,5740,141,4550,1049,10855
2020-09-22,Brazil,9709,249,5118,4342,22333
2020-09-22,India,6875,102,3323,3450,29247
2020-09-22,Italy,10166,356,5939,3871,31334
2020-09-22,South Africa,7700,167,3811,3722,13440
2020-09-22,USA,7823,182,5082,2559,32894
2020-09-23,Brazil,9857,388,3808,5661,27168
2020-09-23,India,5879,45,1951,3883,27497
2020-09-23,Italy,8308,121,3846,4341,23287
2020-09-23,South Africa,5389,147,2663,2579,18952
2020-09-23,USA,8899,355,6640,1904,16773
2020-09-24,Brazil,6952,114,1257,5581,24902
2020-09-24,India,6811,205,3652,2954,21778
2020-09-24,Italy,7033,209,2169,4655,23745
2020-09-24,South Africa,6253,283,3323,2647,27666
2020-09-24,USA,6873,193,5416,1264,24609
2020-09-25,Brazil,3809,65,1561,2183,20137
2020-09-25,India,5569,198,3814,1557,24146
2020-09-25,Italy,2238,70,1214,954,14299
2020-09-25,South Africa,8689,228,2491,5970,23933
2020-09-25,USA,11629,355,8787,2487,30047
2020-09-26,Brazil,9325,269,7478,1578,32582
2020-09-26,India,7470,222,5727,1521,20962
2020-09-26,Italy,4014,123,3050,841,17517
2020-09-26,South Africa,11032,140,1953,8939,29569
2020-09-26,USA,2413,6,2328,79,18246
2020-09-27,Brazil,3523,38,2576,909,19800
2020-09-27,India,3227,93,2190,944,20764
2020-09-27,Italy,5708,176,623,4909,23412
2020-09-27,South Africa,4220,134,2300,1786,17585
2020-09-27,USA,8419,351,2762,5306,29787
2020-09-28,Brazil,8176,58,3383,4735,26602
2020-09-28,India,3620,77,1371,2172,19608
2020-09-28,Italy,7477,180,715,6582,16279
2020-09-28,South Africa,3755,68,1886,1801,19850
2020-09-28,USA,8557,106,3631,4820,31749
2020-09-29,Brazil,3535,75,2401,1059,20848
2020-09-29,India,7978,266,3435,4277,28046
2020-09-29,Italy,3442,39,2308,1095,19350
2020-09-29,South Africa,7900,120,3999,3781,27135
2020-09-29,USA,11804,253,5045,6506,33936
2020-09-30,Brazil,7404,173,5430,1801,31270
2020-09-30,India,10483,256,5725,4502,21482
2020-09-30,Italy,6297,216,4092,1989,15792
2020-09-30,South Africa,10708,172,3876,6660,27333
2020-09-30,USA,13382,357,6183,6842,27204
2020-10-01,Brazil,7163,127,2842,4194,19225
2020-10-01,India,9723,227,5486,4010,17944
2020-10-01,Italy,3758,95,2357,1306,13583
2020-10-01,South Africa,9413,242,749,8422,30352
2020-10-01,USA,8549,214,6271,2064,17470
2020-10-02,Brazil,10268,96,2188,7984,21816
2020-10-02,India,8983,72,5389,3522,26322
2020-10-02,Italy,7979,100,2338,5541,31677
2020-10-02,South Africa,9541,367,5725,3449,36628
2020-10-02,USA,10634,385,4586,5663,32183
2020-10-03,Brazil,8707,192,4775,3740,19796
2020-10-03,India,8551,247,4678,3626,23741
2020-10-03,Italy,10980,225,3290,7465,34364
2020-10-03,South Africa,7531,220,5635,1676,16754
2020-10-03,USA,8672,156,6005,2511,28562
2020-10-04,Brazil,6322,280,4159,1883,26019
2020-10-04,India,6738,110,4613,2015,24371
2020-10-04,Italy,6464,229,2370,3865,24081
2020-10-04,South Africa,5034,91,3818,1125,29173
2020-10-04,USA,8292,195,2974,5123,21503
2020-10-05,Brazil,9079,231,1852,6996,23512
2020-10-05,India,8119,248,5230,2641,25768
2020-10-05,Italy,9153,427,5775,2951,23872
2020-10-05,South Africa,10575,111,6976,3488,29023
2020-10-05,USA,9455,178,5246,4031,23217
2020-10-06,Brazil,6757,95,5496,1166,19508
2020-10-06,India,7218,167,1287,5764,25336
2020-10-06,Italy,5719,125,2401,3193,22293
2020-10-06,South Africa,8352,122,2767,5463,18073
2020-10-06,USA,5644,239,3774,1631,26928
2020-10-07,Brazil,6799,149,3597,3053,18868
2020-10-07,India,8540,288,4507,3745,24513
2020-10-07,Italy,8297,313,2864,5120,24929
2020-10-07,South Africa,4142,142,1492,2508,27488
2020-10-07,USA,11328,323,8663,2342,33419
2020-10-08,Brazil,4119,185,834,3100,13711
2020-10-08,India,7134,162,4143,2829,25366
2020-10-08,Italy,7751,110,5704,1937,28648
2020-10-08,South Africa,7886,284,3740,3862,23268
2020-10-08,USA,8905,361,3267,5277,29713
2020-10-09,Brazil,13175,442,4507,8226,29798
2020-10-09,India,1383,40,712,631,21317
2020-10-09,Italy,10918,385,7481,3052,22924
2020-10-09,South Africa,5720,142,3578,2000,22530
2020-10-09,USA,4253,41,3171,1041,26131
2020-10-10,Brazil,10384,121,4416,5847,28417
2020-10-10,India,12180,320,6895,4965,30304
2020-10-10,Italy,12804,414,4530,7860,27659
2020-10-10,South Africa,11440,255,5165,6020,24899
2020-10-10,USA,8213,312,1694,6207,32943
2020-10-11,Brazil,5977,162,2294,3521,22599
2020-10-11,India,9301,333,5398,3570,32598
2020-10-11,Italy,8668,211,3382,5075,23688
2020-10-11,South Africa,8067,268,4409,3390,23941
2020-10-11,USA,8142,239,2271,5632,16938
2020-10-12,Brazil,4152,161,3253,738,22468
2020-10-12,India,2419,42,1263,1114,16209
2020-10-12,Italy,5510,125,2542,2843,22792
2020-10-12,South Africa,11146,419,5827,4900,29386
2020-10-12,USA,7459,184,3766,3509,16110
2020-10-13,Brazil,6958,192,5603,1163,29366
2020-10-13,India,4661,42,2623,1996,13863
2020-10-13,Italy,11213,224,6351,4638,28201
2020-10-13,South Africa,7655,251,2441,4963,30727
2020-10-13,USA,10703,308,3252,7143,31114
2020-10-14,Brazil,7298,300,2349,4649,25473
2020-10-14,India,6488,229,2618,3641,21409
2020-10-14,Italy,7251,223,5427,1601,27694
2020-10-14,South Africa,5564,234,3394,1936,12659
2020-10-14,USA,8404,27,4946,3431,21195
2020-10-15,Brazil,7814,106,4868,2840,26518
2020-10-15,India,6889,183,4431,2275,20708
2020-10-15,Italy,13049,352,5110,7587,24957
2020-10-15,South Africa,5122,97,1548,3477,18876
2020-10-15,USA,5940,51,3946,1943,25352
2020-10-16,Brazil,3914,176,2283,1455,24477
2020-10-16,India,4103,56,1566,2481,18747
2020-10-16,Italy,11540,291,7158,4091,29962
2020-10-16,South Africa,6935,289,2071,4575,17734
2020-10-16,USA,8586,147,5599,2840,22523
2020-10-17,Brazil,10691,417,3628,6646,25311
2020-10-17,India,9581,205,6038,3338,24305
2020-10-17,Italy,6399,117,3371,2911,28690
2020-10-17,South Africa,10550,216,4234,6100,27109
2020-10-17,USA,4337,132,3333,872,19434
2020-10-18,Brazil,2862,50,1975,837,24096
2020-10-18,India,5561,162,1162,4237,22658
2020-10-18,Italy,8711,272,3665,4774,21632
2020-10-18,South Africa,11006,308,7936,2762,22576
2020-10-18,USA,4408,65,1224,3119,14728
2020-10-19,Brazil,10109,206,1978,7925,29005
2020-10-19,India,4852,169,1757,2926,23688
2020-10-19,Italy,7174,53,6534,587,20262
2020-10-19,South Africa,8261,145,4468,3648,32253
2020-10-19,USA,5642,167,3953,1522,13834
2020-10-20,Brazil,10868,182,2313,8373,37939
2020-10-20,India,10116,421,7902,1793,28729
2020-10-20,Italy,6029,155,964,4910,22859
2020-10-20,South Africa,10941,156,5853,4932,15410
2020-10-20,USA,8510,238,4032,4240,26245
2020-10-21,Brazil,11865,465,1306,10094,29060
2020-10-21,India,6819,245,4488,2086,23525
2020-10-21,Italy,7529,115,6228,1186,15332
2020-10-21,South Africa,12157,430,6416,5311,27904
2020-10-21,USA,10191,280,3426,6485,30525
2020-10-22,Brazil,8614,247,5062,3305,28540
2020-10-22,India,7330,170,3804,3356,19985
2020-10-22,Italy,11562,307,5904,5351,33834
2020-10-22,South Africa,7697,258,2479,4960,21825
2020-10-22,USA,9305,272,3228,5805,28260
2020-10-23,Brazil,8263,258,2470,5535,16820
2020-10-23,India,8075,306,3461,4308,24814
2020-10-23,Italy,9743,267,4363,5113,25685
2020-10-23,South Africa,8574,280,3626,4668,30805
2020-10-23,USA,6899,155,2547,4197,27475
2020-10-24,Brazil,6399,112,1409,4878,28833
2020-10-24,India,8163,368,5166,2629,21390
2020-10-24,Italy,9707,284,4951,4472,24558
2020-10-24,South Africa,4788,178,2311,2299,23085
2020-10-24,USA,6673,134,2806,3733,25245
2020-10-25,Brazil,3584,155,2549,880,16967
2020-10-25,India,4195,91,2747,1357,21961
2020-10-25,Italy,8636,230,2976,5430,24004
2020-10-25,South Africa,5885,196,3384,2305,27765
2020-10-25,USA,7729,188,6090,1451,27341
2020-10-26,Brazil,7670,318,2749,4603,25282
2020-10-26,India,5443,172,2768,2503,24247
2020-10-26,Italy,4591,105,2781,1705,20538
2020-10-26,South Africa,9709,327,8206,1176,30358
2020-10-26,USA,12181,226,2844,9111,25998
2020-10-27,Brazil,9798,418,1247,8133,27321
2020-10-27,India,7923,259,2593,5071,22806
2020-10-27,Italy,13203,170,4712,8321,36290
2020-10-27,South Africa,5557,136,4173,1248,23376
2020-10-27,USA,6254,121,2856,3277,22120
2020-10-28,Brazil,11283,246,4480,6557,25214
2020-10-28,India,6743,104,1557,5082,21672
2020-10-28,Italy,5634,236,2026,3372,25928
2020-10-28,South Africa,9403,226,6583,2594,29373
2020-10-28,USA,7368,71,3088,4209,26839
2020-10-29,Brazil,9360,212,6125,3023,24811
2020-10-29,India,8195,262,3845,4088,20922
2020-10-29,Italy,6726,192,3975,2559,25621
2020-10-29,South Africa,7426,166,2960,4300,30543
2020-10-29,USA,3734,60,1456,2218,24346
2020-10-30,Brazil,11327,364,6706,4257,27673
2020-10-30,India,6393,68,5610,715,24752
2020-10-30,Italy,3917,138,3028,751,25222
2020-10-30,South Africa,4792,106,2783,1903,26728
2020-10-30,USA,7864,260,3075,4529,18757
2020-10-31,Brazil,8045,139,2962,4944,28160
2020-10-31,India,4166,61,2967,1138,15128
2020-10-31,Italy,8648,282,1669,6697,25130
2020-10-31,South Africa,8373,251,649,7473,28556
2020-10-31,USA,9674,176,5959,3539,27692
2020-11-01,Brazil,7057,313,4913,1831,19043
2020-11-01,India,7801,347,2154,5300,26490
2020-11-01,Italy,9122,260,1853,7009,20157
2020-11-01,South Africa,10911,230,4569,6112,27501
2020-11-01,USA,9823,247,4645,4931,29088
2020-11-02,Brazil,6411,20,3760,2631,22030
2020-11-02,India,2945,81,881,1983,9378
2020-11-02,Italy,9539,322,3047,6170,28756
2020-11-02,South Africa,4576,147,2314,2115,20327
2020-11-02,USA,6554,147,2165,4242,25747
2020-11-03,Brazil,8857,10,2300,6547,28555
2020-11-03,India,2966,97,694,2175,28164
2020-11-03,Italy,4176,83,3071,1022,13831
2020-11-03,South Africa,5570,101,1116,4353,31198
2020-11-03,USA,8281,161,2064,6056,30682
2020-11-04,Brazil,6799,197,2667,3935,26489
2020-11-04,India,4054,123,2148,1783,21342
2020-11-04,Italy,9892,347,4437,5108,23781
2020-11-04,South Africa,6112,154,3761,2197,16006
2020-11-04,USA,2050,48,471,1531,20577
2020-11-05,Brazil,2890,96,822,1972,10211
2020-11-05,India,7820,142,4924,2754,24086
2020-11-05,Italy,7983,254,6065,1664,28329
2020-11-05,South Africa,10776,241,5723,4812,30397
2020-11-05,USA,6501,204,4979,1318,26319
2020-11-06,Brazil,6228,244,1839,4145,20962
2020-11-06,India,11484,400,1016,10068,34981
2020-11-06,Italy,6622,282,5607,733,29548
2020-11-06,South Africa,6807,219,1808,4780,24112
2020-11-06,USA,2978,35,1342,1601,25730
2020-11-07,Brazil,4867,94,3184,1589,21002
2020-11-07,India,9668,227,5710,3731,31282
2020-11-07,Italy,7223,226,2540,4457,20842
2020-11-07,South Africa,11113,210,6604,4299,23919
2020-11-07,USA,4960,120,3013,1827,14164
2020-11-08,Brazil,10250,305,2929,7016,29955
2020-11-08,India,7188,197,2497,4494,30245
2020-11-08,Italy,9909,205,5460,4244,22871
2020-11-08,South Africa,8711,158,3339,5214,25830
2020-11-08,USA,5414,125,3225,2064,17479
2020-11-09,Brazil,4768,109,1788,2871,15335
2020-11-09,India,10748,190,8544,2014,22209
2020-11-09,Italy,5435,156,1754,3525,21978
2020-11-09,South Africa,7704,306,5170,2228,26799
2020-11-09,USA,10514,243,4461,5810,26640
2020-11-10,Brazil,6363,212,3886,2265,19563
2020-11-10,India,11008,223,3601,7184,31609
2020-11-10,Italy,10106,383,4866,4857,25424
2020-11-10,South Africa,4940,164,1868,2908,24326
2020-11-10,USA,7091,246,4003,2842,30236
2020-11-11,Brazil,10795,434,5934,4427,31381
2020-11-11,India,4881,134,2186,2561,16621
2020-11-11,Italy,8892,146,5916,2830,29013
2020-11-11,South Africa,7811,175,3787,3849,24446
2020-11-11,USA,3369,35,1620,1714,20690
2020-11-12,Brazil,6657,61,2906,3690,25351
2020-11-12,India,8644,341,3554,4749,33953
2020-11-12,Italy,9745,174,7677,1894,34899
2020-11-12,South Africa,12081,215,1665,10201,20178
2020-11-12,USA,9012,351,1098,7563,26098
2020-11-13,Brazil,5821,116,3231,2474,16499
2020-11-13,India,4500,100,3004,1396,20089
2020-11-13,Italy,6749,161,1959,4629,20637
2020-11-13,South Africa,10541,105,841,9595,25065
2020-11-13,USA,7777,297,6426,1054,27894
2020-11-14,Brazil,9792,203,4541,5048,19923
2020-11-14,India,2851,82,1254,1515,25799
2020-11-14,Italy,9203,208,6480,2515,21961
2020-11-14,South Africa,7143,98,4673,2372,26127
2020-11-14,USA,9175,86,7415,1674,20354
2020-11-15,Brazil,7556,294,2118,5144,23433
2020-11-15,India,6561,178,4073,2310,27175
2020-11-15,Italy,3191,85,1276,1830,22109
2020-11-15,South Africa,9477,236,5871,3370,19172
2020-11-15,USA,9961,240,6053,3668,22389
2020-11-16,Brazil,11810,296,4693,6821,31906
2020-11-16,India,6242,104,2593,3545,14737
2020-11-16,Italy,10626,170,6447,4009,24258
2020-11-16,South Africa,2933,124,959,1850,14478
2020-11-16,USA,7121,60,2089,4972,23952
2020-11-17,Brazil,4785,46,996,3743,18976
2020-11-17,India,9992,264,4638,5090,23664
2020-11-17,Italy,10317,243,4913,5161,17668
2020-11-17,South Africa,7324,236,1961,5127,18903
2020-11-17,USA,2727,93,1387,1247,20010
2020-11-18,Brazil,7728,244,306,7178,22106
2020-11-18,India,5940,65,3209,2666,23170
2020-11-18,Italy,9289,169,2470,6650,19538
2020-11-18,South Africa,8161,320,5229,2612,28949
2020-11-18,USA,7014,213,3073,3728,20298
2020-11-19,Brazil,7336,289,2970,4077,30234
2020-11-19,India,7729,271,3794,3664,23269
2020-11-19,Italy,7538,251,2478,4809,27882
2020-11-19,South Africa,11660,296,7930,3434,30706
2020-11-19,USA,9410,201,5006,4203,22321
2020-11-20,Brazil,10318,376,4177,5765,26395
2020-11-20,India,7945,169,4602,3174,21755
2020-11-20,Italy,4361,58,1358,2945,17268
2020-11-20,South Africa,4918,53,2042,2823,26118
2020-11-20,USA,9937,283,7342,2312,22096
2020-11-21,Brazil,8660,91,7205,1364,18846
2020-11-21,India,7509,134,4146,3229,17937
2020-11-21,Italy,9754,329,4602,4823,32940
2020-11-21,South Africa,7458,76,3247,4135,19731
2020-11-21,USA,11004,313,8561,2130,23606
2020-11-22,Brazil,5932,64,3519,2349,24044
2020-11-22,India,12400,384,5776,6240,27455
2020-11-22,Italy,6662,186,985,5491,22106
2020-11-22,South Africa,7634,211,4934,2489,27797
2020-11-22,USA,7700,36,6390,1274,24422
2020-11-23,Brazil,5964,67,3219,2678,21779
2020-11-23,India,11857,272,1627,9958,23546
2020-11-23,Italy,2417,18,1586,813,12036
2020-11-23,South Africa,9706,322,4489,4895,37180
2020-11-23,USA,4649,35,715,3899,14652
2020-11-24,Brazil,8686,226,4677,3783,26133
2020-11-24,India,5313,182,801,4330,19223
2020-11-24,Italy,3303,117,1298,1888,20047
2020-11-24,South Africa,7924,187,5105,2632,20833
2020-11-24,USA,6925,179,2550,4196,22082
2020-11-25,Brazil,2673,36,1618,1019,19024
2020-11-25,India,9864,409,5078,4377,29923
2020-11-25,Italy,9191,412,2613,6166,25957
2020-11-25,South Africa,3890,130,3040,720,17272
2020-11-25,USA,11469,280,4141,7048,32972
2020-11-26,Brazil,9405,261,3942,5202,26189
2020-11-26,India,5899,146,1704,4049,26156
2020-11-26,Italy,3210,56,2997,157,19420
2020-11-26,South Africa,5802,127,3352,2323,25777
2020-11-26,USA,5578,190,4555,833,21627
2020-11-27,Brazil,2770,107,723,1940,23295
2020-11-27,India,11425,324,5438,5663,21253
2020-11-27,Italy,10210,141,5934,4135,29211
2020-11-27,South Africa,8742,398,3082,5262,26492
2020-11-27,USA,6972,188,5546,1238,25538
2020-11-28,Brazil,10787,151,5864,4772,22081
2020-11-28,India,4721,40,1593,3088,19156
2020-11-28,Italy,10665,383,6600,3682,22884
2020-11-28,South Africa,4232,104,1781,2347,18340
2020-11-28,USA,8313,199,4485,3629,18889
2020-11-29,Brazil,7076,125,3550,3401,14354
2020-11-29,India,6552,55,4193,2304,25132
2020-11-29,Italy,10394,35,2383,7976,22931
2020-11-29,South Africa,11374,91,6153,5130,32266
2020-11-29,USA,10204,118,6647,3439,33347
2020-11-30,Brazil,11841,230,5002,6609,23302
2020-11-30,India,14108,151,2096,11861,29870
2020-11-30,Italy,8955,327,4540,4088,26582
2020-11-30,South Africa,6568,174,6222,172,22798
2020-11-30,USA,3973,79,1161,2733,24579
2020-12-01,Brazil,6064,131,3561,2372,16315
2020-12-01,India,11785,351,4827,6607,22304
2020-12-01,Italy,4532,102,3360,1070,18643
2020-12-01,South Africa,4141,121,915,3105,18208
2020-12-01,USA,9614,307,4739,4568,24064
2020-12-02,Brazil,6741,130,1846,4765,21789
2020-12-02,India,6049,100,1755,4194,14743
2020-12-02,Italy,5500,154,2614,2732,28144
2020-12-02,South Africa,4258,137,2112,2009,22053
2020-12-02,USA,4172,30,2563,1579,19196
2020-12-03,Brazil,4991,140,2689,2162,30573
2020-12-03,India,7987,235,5196,2556,29199
2020-12-03,Italy,3163,81,1234,1848,29720
2020-12-03,South Africa,11027,98,7795,3134,23911
2020-12-03,USA,8713,229,4317,4167,34547
2020-12-04,Brazil,5789,102,3003,2684,15842
2020-12-04,India,10293,203,6337,3753,32528
2020-12-04,Italy,3981,44,1473,2464,24040
2020-12-04,South Africa,6772,257,3306,3209,28209
2020-12-04,USA,3029,69,803,2157,22909
2020-12-05,Brazil,5189,132,3577,1480,24164
2020-12-05,India,11050,180,6433,4437,21361
2020-12-05,Italy,6395,234,4064,2097,18904
2020-12-05,South Africa,5715,173,920,4622,23761
2020-12-05,USA,9447,361,3686,5400,35391
2020-12-06,Brazil,6956,54,3803,3099,23924
2020-12-06,India,10609,254,5232,5123,28469
2020-12-06,Italy,7661,245,1245,6171,21902
2020-12-06,South Africa,5103,127,3832,1144,24600
2020-12-06,USA,4450,49,3613,788,23381
2020-12-07,Brazil,10668,151,6662,3855,19976
2020-12-07,India,6705,159,4075,2471,20645
2020-12-07,Italy,1397,21,346,1030,23513
2020-12-07,South Africa,7668,179,1930,5559,31285
2020-12-07,USA,5487,186,2965,2336,20476
2020-12-08,Brazil,4078,109,1246,2723,21975
2020-12-08,India,5910,175,2139,3596,27755
2020-12-08,Italy,12223,536,8171,3516,28233
2020-12-08,South Africa,10962,280,4792,5890,26850
2020-12-08,USA,8783,233,2969,5581,27348
2020-12-09,Brazil,8710,302,3038,5370,25207
2020-12-09,India,11433,258,6106,5069,25282
2020-12-09,Italy,7786,236,3868,3682,23139
2020-12-09,South Africa,7541,300,4025,3216,21301
2020-12-09,USA,9005,314,7218,1473,27991
2020-12-10,Brazil,6871,157,5381,1333,26041
2020-12-10,India,6055,212,4051,1792,26884
2020-12-10,Italy,8268,261,5556,2451,23244
2020-12-10,South Africa,10221,113,6142,3966,30692
2020-12-10,USA,6392,262,5001,1129,23378
2020-12-11,Brazil,6686,127,2536,4023,21730
2020-12-11,India,6312,154,3080,3078,14051
2020-12-11,Italy,4778,101,4081,596,18761
2020-12-11,South Africa,12305,129,2803,9373,30476
2020-12-11,USA,8191,112,1453,6626,20711
2020-12-12,Brazil,10987,350,4906,5731,37991
2020-12-12,India,8470,122,3337,5011,23361
2020-12-12,Italy,7297,103,3870,3324,25070
2020-12-12,South Africa,5407,127,2309,2971,21923
2020-12-12,USA,2090,81,1310,699,21928
2020-12-13,Brazil,9411,256,2998,6157,25223
2020-12-13,India,10009,333,6700,2976,26405
2020-12-13,Italy,6499,58,2369,4072,16819
2020-12-13,South Africa,7471,157,1537,5777,23606
2020-12-13,USA,8739,218,2794,5727,25903
2020-12-14,Brazil,4884,153,2160,2571,16615
2020-12-14,India,11113,289,6562,4262,24787
2020-12-14,Italy,11171,202,7816,3153,18061
2020-12-14,South Africa,8695,335,4353,4007,27087
2020-12-14,USA,10141,230,5221,4690,23216
2020-12-15,Brazil,4109,81,2749,1279,21466
2020-12-15,India,4934,90,3615,1229,16662
2020-12-15,Italy,7420,255,3930,3235,13484
2020-12-15,South Africa,6292,202,4350,1740,18057
2020-12-15,USA,9595,326,7034,2235,32529
2020-12-16,Brazil,7615,175,715,6725,23298
2020-12-16,India,10436,167,4812,5457,25577
2020-12-16,Italy,4438,61,2443,1934,23565
2020-12-16,South Africa,9867,195,5220,4452,34674
2020-12-16,USA,4339,155,2329,1855,23706
2020-12-17,Brazil,8259,190,5771,2298,24777
2020-12-17,India,11284,344,3404,7536,32980
2020-12-17,Italy,3825,67,721,3037,18669
2020-12-17,South Africa,8469,242,7093,1134,28643
2020-12-17,USA,4755,47,954,3754,22394
2020-12-18,Brazil,5980,167,3184,2629,22863
2020-12-18,India,5141,148,3542,1451,24826
2020-12-18,Italy,6857,192,1471,5194,24741
2020-12-18,South Africa,5925,209,3253,2463,22530
2020-12-18,USA,8113,156,4260,3697,27869
2020-12-19,Brazil,5702,98,3005,2599,22629
2020-12-19,India,8119,253,2375,5491,27103
2020-12-19,Italy,1472,7,852,613,14014
2020-12-19,South Africa,10391,216,5015,5160,26518
2020-12-19,USA,9959,210,4721,5028,18578
2020-12-20,Brazil,4543,101,1903,2539,17630
2020-12-20,India,11506,246,7806,3454,26298
2020-12-20,Italy,5157,133,3441,1583,18770
2020-12-20,South Africa,12343,464,4294,7585,26754
2020-12-20,USA,8925,198,5381,3346,29440
2020-12-21,Brazil,6054,161,2740,3153,23195
2020-12-21,India,5014,98,2462,2454,25392
2020-12-21,Italy,7195,140,3024,4031,24367
2020-12-21,South Africa,10027,315,4402,5310,27367
2020-12-21,USA,5994,191,3146,2657,20997
2020-12-22,Brazil,7241,179,3394,3668,21980
2020-12-22,India,8270,120,3805,4345,27636
2020-12-22,Italy,11586,281,5351,5954,19372
2020-12-22,South Africa,13779,410,8048,5321,34642
2020-12-22,USA,10826,335,4847,5644,29719
2020-12-23,Brazil,8727,255,2160,6312,20730
2020-12-23,India,2516,89,1795,632,15485
2020-12-23,Italy,2742,67,627,2048,14587
2020-12-23,South Africa,10189,426,4261,5502,35667
2020-12-23,USA,4891,107,3258,1526,19267
2020-12-24,Brazil,10798,278,6393,4127,26404
2020-12-24,India,3010,95,858,2057,15051
2020-12-24,Italy,9062,375,6164,2523,27193
2020-12-24,South Africa,7749,203,266,7280,22075
2020-12-24,USA,4636,107,3649,880,28532
2020-12-25,Brazil,7971,128,2145,5698,21670
2020-12-25,India,13523,188,9026,4309,28102
2020-12-25,Italy,7323,39,2596,4688,25866
2020-12-25,South Africa,7912,207,1471,6234,24570
2020-12-25,USA,6815,192,4103,2520,23944
2020-12-26,Brazil,6674,107,2138,4429,19582
2020-12-26,India,7778,243,1552,5983,26917
2020-12-26,Italy,6004,192,1932,3880,20508
2020-12-26,South Africa,1567,70,576,921,17802
2020-12-26,USA,4029,151,1715,2163,18030
2020-12-27,Brazil,4171,170,1507,2494,21476
2020-12-27,India,10937,341,3387,7209,35412
2020-12-27,Italy,5673,58,2569,3046,13783
2020-12-27,South Africa,6893,76,3327,3490,13544
2020-12-27,USA,4897,123,1951,2823,25134
2020-12-28,Brazil,7620,153,1915,5552,20265
2020-12-28,India,10932,293,3411,7228,29420
2020-12-28,Italy,6170,98,2881,3191,23308
2020-12-28,South Africa,8466,133,5616,2717,30926
2020-12-28,USA,8852,296,4955,3601,23703
2020-12-29,Brazil,6696,256,2159,4281,23596
2020-12-29,India,9777,152,2933,6692,28580
2020-12-29,Italy,7020,107,3550,3363,19000
2020-12-29,South Africa,7747,159,5677,1911,28009
2020-12-29,USA,9692,276,2627,6789,29834
2020-12-30,Brazil,7582,182,4315,3085,21646
2020-12-30,India,5716,185,1563,3968,26162
2020-12-30,Italy,7413,133,1694,5586,21274
2020-12-30,South Africa,6353,264,4539,1550,23520
2020-12-30,USA,11967,359,2678,8930,27504
2020-12-31,Brazil,4392,129,820,3443,13251
2020-12-31,India,8179,99,1703,6377,25377
2020-12-31,Italy,5868,163,929,4776,18919
2020-12-31,South Africa,5228,130,3878,1220,26408
2020-12-31,USA,8299,194,2448,5657,24744
2021-01-01,Brazil,4830,160,2367,2303,20291
2021-01-01,India,4273,14,1572,2687,22877
2021-01-01,Italy,7031,173,1820,5038,26813
2021-01-01,South Africa,9926,263,3495,6168,22327
2021-01-01,USA,4802,127,1899,2776,24746
2021-01-02,Brazil,9507,288,7165,2054,16454
2021-01-02,India,5355,147,3793,1415,20163
2021-01-02,Italy,5625,134,985,4506,13736
2021-01-02,South Africa,8985,46,2556,6383,26637
2021-01-02,USA,6745,210,2565,3970,21748
2021-01-03,Brazil,7307,265,5327,1715,16397
2021-01-03,India,5212,68,3884,1260,19594
2021-01-03,Italy,6527,160,2622,3745,19831
2021-01-03,South Africa,9680,92,5778,3810,30140
2021-01-03,USA,10768,314,3874,6580,32564
2021-01-04,Brazil,6614,122,2881,3611,21228
2021-01-04,India,6087,171,2004,3912,24421
2021-01-04,Italy,9879,281,2568,7030,28169
2021-01-04,South Africa,12432,341,7228,4863,29134
2021-01-04,USA,4137,184,2641,1312,26308
2021-01-05,Brazil,3913,128,2433,1352,19997
2021-01-05,India,4751,141,2623,1987,18697
2021-01-05,Italy,7217,285,2424,4508,21770
2021-01-05,South Africa,7710,208,3819,3683,27236
2021-01-05,USA,8343,264,3962,4117,17324
2021-01-06,Brazil,5778,146,2918,2714,22941
2021-01-06,India,6877,282,5799,796,32396
2021-01-06,Italy,8280,181,2320,5779,29323
2021-01-06,South Africa,7030,59,2551,4420,27342
2021-01-06,USA,5655,83,2411,3161,24429
2021-01-07,Brazil,7849,240,715,6894,18696
2021-01-07,India,6269,143,4952,1174,22669
2021-01-07,Italy,8654,178,5638,2838,25264
2021-01-07,South Africa,9251,115,3662,5474,31632
2021-01-07,USA,6592,165,4864,1563,29806
2021-01-08,Brazil,5288,63,3772,1453,24520
2021-01-08,India,11444,223,4647,6574,30214
2021-01-08,Italy,9611,181,6756,2674,20197
2021-01-08,South Africa,6889,211,1494,5184,15815
2021-01-08,USA,7413,59,4268,3086,29283
2021-01-09,Brazil,9180,370,6649,2161,27223
2021-01-09,India,3777,115,1885,1777,17327
2021-01-09,Italy,6461,47,5057,1357,25660
2021-01-09,South Africa,6938,278,3113,3547,24103
2021-01-09,USA,8858,86,5853,2919,27559
2021-01-10,Brazil,12518,523,9708,2287,28735
2021-01-10,India,9096,389,3572,5135,26775
2021-01-10,Italy,8479,244,3919,4316,26000
2021-01-10,South Africa,8635,173,4019,4443,23230
2021-01-10,USA,9097,245,5510,3342,16130
2021-01-11,Brazil,10961,426,5918,4617,27032
2021-01-11,India,9062,402,5736,2924,20378
2021-01-11,Italy,5453,93,1045,4315,20639
2021-01-11,South Africa,8032,332,4531,3169,26434
2021-01-11,USA,5784,160,2164,3460,24996
2021-01-12,Brazil,9227,334,3321,5572,24990
2021-01-12,India,6776,116,5297,1363,25061
2021-01-12,Italy,6316,163,3679,2474,17471
2021-01-12,South Africa,6161,132,1418,4611,17251
2021-01-12,USA,6031,108,4257,1666,20082
2021-01-13,Brazil,8855,211,5792,2852,30059
2021-01-13,India,1506,39,1144,323,18926
2021-01-13,Italy,9516,147,6491,2878,17253
2021-01-13,South Africa,9752,310,5073,4369,21967
2021-01-13,USA,7451,239,2845,4367,25219
2021-01-14,Brazil,1652,25,789,838,19452
2021-01-14,India,7066,200,4037,2829,23519
2021-01-14,Italy,7730,182,5466,2082,26869
2021-01-14,South Africa,10879,114,4812,5953,24723
2021-01-14,USA,6572,203,1877,4492,21764
2021-01-15,Brazil,8345,194,3806,4345,17075
2021-01-15,India,6827,51,1192,5584,25582
2021-01-15,Italy,7879,272,4087,3520,31278
2021-01-15,South Africa,7784,185,3367,4232,29712
2021-01-15,USA,5419,86,3748,1585,29455
2021-01-16,Brazil,4607,163,1143,3301,14747
2021-01-16,India,3936,115,3025,796,25173
2021-01-16,Italy,9348,69,4537,4742,31964
2021-01-16,South Africa,12274,346,4723,7205,24177
2021-01-16,USA,11258,448,7140,3670,24294
2021-01-17,Brazil,11132,347,4578,6207,26028
2021-01-17,India,8305,282,4161,3862,29199
2021-01-17,Italy,10094,184,7254,2656,25553
2021-01-17,South Africa,6654,194,2884,3576,33227
2021-01-17,USA,5122,178,3129,1815,26535
2021-01-18,Brazil,6597,70,5910,617,17909
2021-01-18,India,10064,272,5038,4754,25279
2021-01-18,Italy,7180,252,3365,3563,22022
2021-01-18,South Africa,4520,76,2966,1478,29370
2021-01-18,USA,9840,437,7439,1964,31740
2021-01-19,Brazil,6606,185,3276,3145,26779
2021-01-19,India,6347,165,4451,1731,22802
2021-01-19,Italy,6955,299,3913,2743,21398
2021-01-19,South Africa,11833,254,9013,2566,34218
2021-01-19,USA,8969,316,3996,4657,24341
2021-01-20,Brazil,7990,94,3751,4145,22881
2021-01-20,India,2543,110,1131,1302,19172
2021-01-20,Italy,8372,94,3499,4779,27380
2021-01-20,South Africa,10137,213,2750,7174,22170
2021-01-20,USA,8522,306,2555,5661,21541
2021-01-21,Brazil,8338,258,4509,3571,31873
2021-01-21,India,9555,174,6516,2865,27151
2021-01-21,Italy,9728,333,4276,5119,30596
2021-01-21,South Africa,9941,201,7252,2488,25813
2021-01-21,USA,6579,81,2179,4319,25242
2021-01-22,Brazil,4872,197,1617,3058,24362
2021-01-22,India,6052,207,592,5253,15195
2021-01-22,Italy,11428,353,8321,2754,31625
2021-01-22,South Africa,9954,372,8138,1444,26270
2021-01-22,USA,5778,135,1357,4286,17889
2021-01-23,Brazil,3643,98,1291,2254,16921
2021-01-23,India,1995,63,835,1097,19695
2021-01-23,Italy,13139,340,7045,5754,30625
2021-01-23,South Africa,9856,265,3958,5633,34598
2021-01-23,USA,10979,250,1183,9546,24442
2021-01-24,Brazil,7686,231,3928,3527,18247
2021-01-24,India,7961,269,6025,1667,20405
2021-01-24,Italy,8794,203,3333,5258,26441
2021-01-24,South Africa,10688,200,4405,6083,25439
2021-01-24,USA,9947,184,5880,3883,25278
2021-01-25,Brazil,5105,74,1917,3114,19058
2021-01-25,India,8354,328,6259,1767,29115
2021-01-25,Italy,11045,371,7028,3646,30586
2021-01-25,South Africa,3305,96,1865,1344,18406
2021-01-25,USA,8551,119,2781,5651,25348
2021-01-26,Brazil,6819,66,4964,1789,16773
2021-01-26,India,5721,225,4045,1451,28066
2021-01-26,Italy,10181,308,4238,5635,18018
2021-01-26,South Africa,5333,112,3096,2125,25673
2021-01-26,USA,9912,229,6030,3653,37285
2021-01-27,Brazil,4764,165,4109,490,19055
2021-01-27,India,2296,22,1886,388,24403
2021-01-27,Italy,2795,54,1314,1427,13599
2021-01-27,South Africa,9612,307,8075,1230,25811
2021-01-27,USA,5262,57,3134,2071,15690
2021-01-28,Brazil,6827,204,3838,2785,29929
2021-01-28,India,8229,109,3138,4982,25256
2021-01-28,Italy,5679,183,1831,3665,20363
2021-01-28,South Africa,4905,85,1316,3504,24302
2021-01-28,USA,4516,152,3001,1363,12470
2021-01-29,Brazil,9831,87,4730,5014,28927
2021-01-29,India,7049,160,3963,2926,24677
2021-01-29,Italy,6779,34,4280,2465,26494
2021-01-29,South Africa,1702,7,576,1119,18064
2021-01-29,USA,2774,81,897,1796,15768
2021-01-30,Brazil,9106,17,1634,7455,21688
2021-01-30,India,10123,365,7423,2335,27284
2021-01-30,Italy,11064,284,3807,6973,25640
2021-01-30,South Africa,2360,77,526,1757,17359
2021-01-30,USA,6184,157,3237,2790,21317
2021-01-31,Brazil,4732,98,1481,3153,25383
2021-01-31,India,8118,106,2993,5019,20077
2021-01-31,Italy,9468,193,6957,2318,20079
2021-01-31,South Africa,7240,217,1949,5074,25295
2021-01-31,USA,8783,255,5262,3266,28059
2021-02-01,Brazil,8588,227,4433,3928,24002
2021-02-01,India,4287,60,3256,971,18140
2021-02-01,Italy,7334,88,4002,3244,23332
2021-02-01,South Africa,5808,150,4765,893,26135
2021-02-01,USA,6518,128,988,5402,24470
2021-02-02,Brazil,9116,316,3444,5356,28487
2021-02-02,India,3037,65,1775,1197,17158
2021-02-02,Italy,6881,252,3847,2782,21569
2021-02-02,South Africa,2940,42,1796,1102,14943
2021-02-02,USA,5075,155,2695,2225,18744
2021-02-03,Brazil,8726,255,6499,1972,29062
2021-02-03,India,8498,288,3323,4887,30403
2021-02-03,Italy,8514,38,5651,2825,26363
2021-02-03,South Africa,6623,245,3187,3191,15462
2021-02-03,USA,11556,233,4230,7093,37025
2021-02-04,Brazil,5673,100,2720,2853,22219
2021-02-04,India,10108,208,3109,6791,35823
2021-02-04,Italy,7988,281,6028,1679,20004
2021-02-04,South Africa,11985,425,7139,4421,35613
2021-02-04,USA,5499,247,3008,2244,26363
2021-02-05,Brazil,10404,272,8085,2047,26441
2021-02-05,India,2863,43,451,2369,27057
2021-02-05,Italy,11144,227,6499,4418,30371
2021-02-05,South Africa,5135,61,3401,1673,16753
2021-02-05,USA,6003,155,3238,2610,18288
2021-02-06,Brazil,6977,193,4155,2629,20208
2021-02-06,India,7153,55,2454,4644,27667
2021-02-06,Italy,10079,332,5836,3911,15646
2021-02-06,South Africa,13398,362,6619,6417,32466
2021-02-06,USA,7390,140,2944,4306,27025
2021-02-07,Brazil,10304,344,6240,3720,27364
2021-02-07,India,9395,283,2836,6276,22129
2021-02-07,Italy,7585,150,1831,5604,19827
2021-02-07,South Africa,6110,107,2889,3114,17745
2021-02-07,USA,6884,205,4535,2144,31359
2021-02-08,Brazil,8070,203,4561,3306,25179
2021-02-08,India,9277,366,2222,6689,23355
2021-02-08,Italy,5777,238,2927,2612,23937
2021-02-08,South Africa,12000,70,7960,3970,30494
2021-02-08,USA,4225,33,2639,1553,24211
2021-02-09,Brazil,6065,163,3454,2448,27099
2021-02-09,India,8539,166,5991,2382,25922
2021-02-09,Italy,3742,125,865,2752,15254
2021-02-09,South Africa,5175,229,3695,1251,15047
2021-02-09,USA,5827,158,3400,2269,25020
2021-02-10,Brazil,3518,113,1197,2208,17066
2021-02-10,India,9432,342,4493,4597,26886
2021-02-10,Italy,9265,147,7172,1946,32749
2021-02-10,South Africa,8654,280,3648,4726,26319
2021-02-10,USA,9446,58,7966,1422,24862
2021-02-11,Brazil,9405,317,8378,710,25126
2021-02-11,India,4806,123,3595,1088,26403
2021-02-11,Italy,4321,142,2422,1757,19834
2021-02-11,South Africa,995,32,633,330,12219
2021-02-11,USA,5770,136,3753,1881,21353
2021-02-12,Brazil,4903,127,2027,2749,24732
2021-02-12,India,6617,176,3039,3402,23071
2021-02-12,Italy,7089,213,5265,1611,24172
2021-02-12,South Africa,3304,121,2241,942,21805
2021-02-12,USA,10603,147,4565,5891,30945
2021-02-13,Brazil,4547,92,1532,2923,24598
2021-02-13,India,12163,449,7632,4082,33502
2021-02-13,Italy,7068,281,1790,4997,23809
2021-02-13,South Africa,5810,100,2322,3388,28046
2021-02-13,USA,12773,189,6509,6075,30464
2021-02-14,Brazil,8008,210,2682,5116,33965
2021-02-14,India,5531,20,1857,3654,16074
2021-02-14,Italy,7068,175,1948,4945,24671
2021-02-14,South Africa,7475,258,2946,4271,25751
2021-02-14,USA,4116,120,2710,1286,22372
2021-02-15,Brazil,6158,119,1815,4224,10813
2021-02-15,India,966,6,132,828,14777
2021-02-15,Italy,10773,305,5889,4579,20071
2021-02-15,South Africa,10984,319,4720,5945,34600
2021-02-15,USA,8957,273,3577,5107,27234
2021-02-16,Brazil,11014,222,5052,5740,16030
2021-02-16,India,12154,358,8749,3047,26536
2021-02-16,Italy,7549,172,3818,3559,20770
2021-02-16,South Africa,8421,352,2278,5791,25306
2021-02-16,USA,8859,192,4372,4295,33517
2021-02-17,Brazil,5787,196,1650,3941,27626
2021-02-17,India,7665,286,3127,4252,21513
2021-02-17,Italy,7199,174,4493,2532,18691
2021-02-17,South Africa,4500,2,3236,1262,20352
2021-02-17,USA,6656,113,3063,3480,16948
2021-02-18,Brazil,8642,99,3374,5169,27047
2021-02-18,India,3344,74,1888,1382,17222
2021-02-18,Italy,4287,19,2847,1421,15423
2021-02-18,South Africa,1375,22,568,785,16891
2021-02-18,USA,10391,174,6675,3542,28688
2021-02-19,Brazil,9071,275,3255,5541,28328
2021-02-19,India,5824,43,3869,1912,23772
2021-02-19,Italy,4662,131,1719,2812,23557
2021-02-19,South Africa,9067,189,4004,4874,25687
2021-02-19,USA,5431,214,3328,1889,22549
2021-02-20,Brazil,8872,329,4634,3909,27134
2021-02-20,India,7539,249,3837,3453,25122
2021-02-20,Italy,8639,178,3996,4465,24596
2021-02-20,South Africa,9749,182,6216,3351,25572
2021-02-20,USA,4880,108,3549,1223,19177
2021-02-21,Brazil,8056,271,2338,5447,22663
2021-02-21,India,4043,53,1399,2591,23580
2021-02-21,Italy,3973,54,2505,1414,18795
2021-02-21,South Africa,7035,155,1486,5394,16641
2021-02-21,USA,8238,234,1870,6134,16096
2021-02-22,Brazil,5181,178,4376,627,14433
2021-02-22,India,7721,234,5250,2237,24056
2021-02-22,Italy,5708,156,2340,3212,9470
2021-02-22,South Africa,6541,142,771,5628,30358
2021-02-22,USA,5861,48,4226,1587,17647
2021-02-23,Brazil,8015,134,2803,5078,32484
2021-02-23,India,6794,108,4505,2181,27611
2021-02-23,Italy,8533,338,4175,4020,23812
2021-02-23,South Africa,6660,179,3239,3242,23846
2021-02-23,USA,4723,152,2571,2000,21633
2021-02-24,Brazil,5839,50,2167,3622,15053
2021-02-24,India,7445,114,3178,4153,19776
2021-02-24,Italy,5467,122,2262,3083,16926
2021-02-24,South Africa,6999,255,3199,3545,27112
2021-02-24,USA,9119,215,3355,5549,27566
2021-02-25,Brazil,5941,97,2417,3427,22189
2021-02-25,India,6966,134,5736,1096,20712
2021-02-25,Italy,3619,90,2752,777,12275
2021-02-25,South Africa,7829,301,4927,2601,20044
2021-02-25,USA,4857,164,1680,3013,18127
2021-02-26,Brazil,8636,301,5483,2852,20530
2021-02-26,India,7110,215,1943,4952,27833
2021-02-26,Italy,5738,101,3742,1895,24914
2021-02-26,South Africa,3529,110,842,2577,14746
2021-02-26,USA,6396,204,4753,1439,29441
2021-02-27,Brazil,6285,131,4357,1797,22723
2021-02-27,India,7133,129,4042,2962,19243
2021-02-27,Italy,5758,136,1919,3703,20137
2021-02-27,South Africa,6150,177,2651,3322,18808
2021-02-27,USA,4580,95,2869,1616,11838
2021-02-28,Brazil,9978,151,3457,6370,18485
2021-02-28,India,5283,167,2118,2998,19716
2021-02-28,Italy,7316,235,2150,4931,25227
2021-02-28,South Africa,7616,156,5517,1943,26451
2021-02-28,USA,8289,43,4182,4064,25355
